id,firstname,lastname,email,email2,profession
100,Pollyanna,Dyche,Pollyanna.Dyche@yopmail.com,Pollyanna.Dyche@gmail.com,police officer
101,Oona,Bashemeth,Oona.Bashemeth@yopmail.com,Oona.Bashemeth@gmail.com,developer
102,Lynnea,Erskine,Lynnea.Erskine@yopmail.com,Lynnea.Erskine@gmail.com,worker
103,Danny,Roumell,Danny.Roumell@yopmail.com,Danny.Roumell@gmail.com,firefighter
104,Bettine,Argus,Bettine.Argus@yopmail.com,Bettine.Argus@gmail.com,doctor
105,Tabbatha,Kaete,Tabbatha.Kaete@yopmail.com,Tabbatha.Kaete@gmail.com,firefighter
106,Courtnay,Ramona,Courtnay.Ramona@yopmail.com,Courtnay.Ramona@gmail.com,firefighter
107,Aubrie,Kristi,Aubrie.Kristi@yopmail.com,Aubrie.Kristi@gmail.com,firefighter
108,Hyacinthe,Morgun,Hyacinthe.Morgun@yopmail.com,Hyacinthe.Morgun@gmail.com,developer
109,Cristine,Saunderson,Cristine.Saunderson@yopmail.com,Cristine.Saunderson@gmail.com,worker
110,Diena,McAdams,Diena.McAdams@yopmail.com,Diena.McAdams@gmail.com,worker
111,Aryn,McNully,Aryn.McNully@yopmail.com,Aryn.McNully@gmail.com,worker
112,Dawn,Sisile,Dawn.Sisile@yopmail.com,Dawn.Sisile@gmail.com,worker
113,Shannah,Ruvolo,Shannah.Ruvolo@yopmail.com,Shannah.Ruvolo@gmail.com,worker
114,Veda,Georas,Veda.Georas@yopmail.com,Veda.Georas@gmail.com,worker
115,Nariko,Rugen,Nariko.Rugen@yopmail.com,Nariko.Rugen@gmail.com,worker
116,Margarette,Vharat,Margarette.Vharat@yopmail.com,Margarette.Vharat@gmail.com,developer
117,Almeta,Alcott,Almeta.Alcott@yopmail.com,Almeta.Alcott@gmail.com,police officer
118,Linzy,Maisey,Linzy.Maisey@yopmail.com,Linzy.Maisey@gmail.com,developer
119,Chloris,Rodmann,Chloris.Rodmann@yopmail.com,Chloris.Rodmann@gmail.com,firefighter
120,Cassandra,Love,Cassandra.Love@yopmail.com,Cassandra.Love@gmail.com,doctor
121,Gretal,Medrek,Gretal.Medrek@yopmail.com,Gretal.Medrek@gmail.com,worker
122,Fernande,Barney,Fernande.Barney@yopmail.com,Fernande.Barney@gmail.com,firefighter
123,Elvira,Ries,Elvira.Ries@yopmail.com,Elvira.Ries@gmail.com,police officer
124,Marsiella,Concha,Marsiella.Concha@yopmail.com,Marsiella.Concha@gmail.com,police officer
125,Sadie,Tippets,Sadie.Tippets@yopmail.com,Sadie.Tippets@gmail.com,doctor
126,Courtnay,Hartnett,Courtnay.Hartnett@yopmail.com,Courtnay.Hartnett@gmail.com,firefighter
127,Lelah,Eben,Lelah.Eben@yopmail.com,Lelah.Eben@gmail.com,worker
128,Elfreda,Flita,Elfreda.Flita@yopmail.com,Elfreda.Flita@gmail.com,firefighter
129,Bill,Publia,Bill.Publia@yopmail.com,Bill.Publia@gmail.com,developer
130,Dennie,Rustice,Dennie.Rustice@yopmail.com,Dennie.Rustice@gmail.com,developer
131,Anthia,Minetta,Anthia.Minetta@yopmail.com,Anthia.Minetta@gmail.com,developer
132,Ninnetta,Bearnard,Ninnetta.Bearnard@yopmail.com,Ninnetta.Bearnard@gmail.com,firefighter
133,Arabel,Gusella,Arabel.Gusella@yopmail.com,Arabel.Gusella@gmail.com,doctor
134,Lolita,Clywd,Lolita.Clywd@yopmail.com,Lolita.Clywd@gmail.com,police officer
135,Brena,Greyson,Brena.Greyson@yopmail.com,Brena.Greyson@gmail.com,doctor
136,Georgetta,Hazlett,Georgetta.Hazlett@yopmail.com,Georgetta.Hazlett@gmail.com,firefighter
137,Randa,Dorine,Randa.Dorine@yopmail.com,Randa.Dorine@gmail.com,police officer
138,Sindee,Avi,Sindee.Avi@yopmail.com,Sindee.Avi@gmail.com,worker
139,Marti,Ammann,Marti.Ammann@yopmail.com,Marti.Ammann@gmail.com,worker
140,Marita,Lattie,Marita.Lattie@yopmail.com,Marita.Lattie@gmail.com,developer
141,Wanda,Hull,Wanda.Hull@yopmail.com,Wanda.Hull@gmail.com,firefighter
142,Bernie,Shaver,Bernie.Shaver@yopmail.com,Bernie.Shaver@gmail.com,developer
143,Charlena,Sundin,Charlena.Sundin@yopmail.com,Charlena.Sundin@gmail.com,police officer
144,Esmeralda,Maurine,Esmeralda.Maurine@yopmail.com,Esmeralda.Maurine@gmail.com,developer
145,Ada,Ashok,Ada.Ashok@yopmail.com,Ada.Ashok@gmail.com,worker
146,Carmencita,Berard,Carmencita.Berard@yopmail.com,Carmencita.Berard@gmail.com,worker
147,Dode,Vary,Dode.Vary@yopmail.com,Dode.Vary@gmail.com,developer
148,Imojean,Lindemann,Imojean.Lindemann@yopmail.com,Imojean.Lindemann@gmail.com,police officer
149,Sara-Ann,Anastatius,Sara-Ann.Anastatius@yopmail.com,Sara-Ann.Anastatius@gmail.com,developer
150,Eolanda,Emmy,Eolanda.Emmy@yopmail.com,Eolanda.Emmy@gmail.com,doctor
151,Jsandye,Garbe,Jsandye.Garbe@yopmail.com,Jsandye.Garbe@gmail.com,police officer
152,Christy,Meli,Christy.Meli@yopmail.com,Christy.Meli@gmail.com,police officer
153,Ira,Bennie,Ira.Bennie@yopmail.com,Ira.Bennie@gmail.com,police officer
154,Adelle,Felizio,Adelle.Felizio@yopmail.com,Adelle.Felizio@gmail.com,developer
155,Kylynn,Sheng,Kylynn.Sheng@yopmail.com,Kylynn.Sheng@gmail.com,firefighter
156,Rebeca,Moseley,Rebeca.Moseley@yopmail.com,Rebeca.Moseley@gmail.com,police officer
157,Peri,Tice,Peri.Tice@yopmail.com,Peri.Tice@gmail.com,police officer
158,Angelique,Margarete,Angelique.Margarete@yopmail.com,Angelique.Margarete@gmail.com,firefighter
159,Ezmeralda,Merriott,Ezmeralda.Merriott@yopmail.com,Ezmeralda.Merriott@gmail.com,firefighter
160,Etta,Leonard,Etta.Leonard@yopmail.com,Etta.Leonard@gmail.com,worker
161,Philis,Docilla,Philis.Docilla@yopmail.com,Philis.Docilla@gmail.com,worker
162,Lorne,Franza,Lorne.Franza@yopmail.com,Lorne.Franza@gmail.com,doctor
163,Rayna,Erb,Rayna.Erb@yopmail.com,Rayna.Erb@gmail.com,police officer
164,Mariele,Yoko,Mariele.Yoko@yopmail.com,Mariele.Yoko@gmail.com,worker
165,Bernardine,Anderea,Bernardine.Anderea@yopmail.com,Bernardine.Anderea@gmail.com,developer
166,Fred,Raama,Fred.Raama@yopmail.com,Fred.Raama@gmail.com,police officer
167,Britni,Cosenza,Britni.Cosenza@yopmail.com,Britni.Cosenza@gmail.com,firefighter
168,Dulce,Clara,Dulce.Clara@yopmail.com,Dulce.Clara@gmail.com,firefighter
169,Blondelle,Edvard,Blondelle.Edvard@yopmail.com,Blondelle.Edvard@gmail.com,police officer
170,Lizzie,Verger,Lizzie.Verger@yopmail.com,Lizzie.Verger@gmail.com,firefighter
171,Ann-Marie,Johanna,Ann-Marie.Johanna@yopmail.com,Ann-Marie.Johanna@gmail.com,police officer
172,Cristabel,Ietta,Cristabel.Ietta@yopmail.com,Cristabel.Ietta@gmail.com,worker
173,Fanny,Parsaye,Fanny.Parsaye@yopmail.com,Fanny.Parsaye@gmail.com,doctor
174,Elise,Berard,Elise.Berard@yopmail.com,Elise.Berard@gmail.com,police officer
175,Janis,Maryanne,Janis.Maryanne@yopmail.com,Janis.Maryanne@gmail.com,doctor
176,Belva,Kevon,Belva.Kevon@yopmail.com,Belva.Kevon@gmail.com,doctor
177,Kimmy,Raffo,Kimmy.Raffo@yopmail.com,Kimmy.Raffo@gmail.com,police officer
178,Lorie,Lipson,Lorie.Lipson@yopmail.com,Lorie.Lipson@gmail.com,developer
179,Aigneis,Henebry,Aigneis.Henebry@yopmail.com,Aigneis.Henebry@gmail.com,firefighter
180,Anthia,Saunderson,Anthia.Saunderson@yopmail.com,Anthia.Saunderson@gmail.com,worker
181,Edith,Helve,Edith.Helve@yopmail.com,Edith.Helve@gmail.com,worker
182,Queenie,Brunell,Queenie.Brunell@yopmail.com,Queenie.Brunell@gmail.com,developer
183,Tori,Ailyn,Tori.Ailyn@yopmail.com,Tori.Ailyn@gmail.com,police officer
184,Joleen,Trace,Joleen.Trace@yopmail.com,Joleen.Trace@gmail.com,firefighter
185,June,Evvie,June.Evvie@yopmail.com,June.Evvie@gmail.com,police officer
186,Kathy,Stover,Kathy.Stover@yopmail.com,Kathy.Stover@gmail.com,doctor
187,Frieda,Moina,Frieda.Moina@yopmail.com,Frieda.Moina@gmail.com,worker
188,Justinn,Tremayne,Justinn.Tremayne@yopmail.com,Justinn.Tremayne@gmail.com,police officer
189,Jere,Bonilla,Jere.Bonilla@yopmail.com,Jere.Bonilla@gmail.com,developer
190,Rosene,Firmin,Rosene.Firmin@yopmail.com,Rosene.Firmin@gmail.com,police officer
191,Gabriellia,Center,Gabriellia.Center@yopmail.com,Gabriellia.Center@gmail.com,doctor
192,Michaelina,Naashom,Michaelina.Naashom@yopmail.com,Michaelina.Naashom@gmail.com,doctor
193,Teriann,Chaing,Teriann.Chaing@yopmail.com,Teriann.Chaing@gmail.com,police officer
194,Kristan,Abram,Kristan.Abram@yopmail.com,Kristan.Abram@gmail.com,worker
195,Siana,Goode,Siana.Goode@yopmail.com,Siana.Goode@gmail.com,doctor
196,Blinni,Argus,Blinni.Argus@yopmail.com,Blinni.Argus@gmail.com,worker
197,Eve,Philoo,Eve.Philoo@yopmail.com,Eve.Philoo@gmail.com,police officer
198,Emma,Edee,Emma.Edee@yopmail.com,Emma.Edee@gmail.com,police officer
199,Pamella,Israeli,Pamella.Israeli@yopmail.com,Pamella.Israeli@gmail.com,worker
200,Lorne,Dex,Lorne.Dex@yopmail.com,Lorne.Dex@gmail.com,worker
201,Aeriela,Jammal,Aeriela.Jammal@yopmail.com,Aeriela.Jammal@gmail.com,firefighter
202,Sean,Libna,Sean.Libna@yopmail.com,Sean.Libna@gmail.com,police officer
203,Jackie,Amadas,Jackie.Amadas@yopmail.com,Jackie.Amadas@gmail.com,developer
204,Noelle,Alarise,Noelle.Alarise@yopmail.com,Noelle.Alarise@gmail.com,doctor
205,Bibby,Millda,Bibby.Millda@yopmail.com,Bibby.Millda@gmail.com,firefighter
206,Shell,Zina,Shell.Zina@yopmail.com,Shell.Zina@gmail.com,worker
207,Edee,Lemuela,Edee.Lemuela@yopmail.com,Edee.Lemuela@gmail.com,developer
208,Jany,Alexandr,Jany.Alexandr@yopmail.com,Jany.Alexandr@gmail.com,doctor
209,Zia,Ariella,Zia.Ariella@yopmail.com,Zia.Ariella@gmail.com,worker
210,Maryellen,Malina,Maryellen.Malina@yopmail.com,Maryellen.Malina@gmail.com,developer
211,Verla,Hessler,Verla.Hessler@yopmail.com,Verla.Hessler@gmail.com,doctor
212,Juliane,Harriman,Juliane.Harriman@yopmail.com,Juliane.Harriman@gmail.com,developer
213,Gwenneth,Fosque,Gwenneth.Fosque@yopmail.com,Gwenneth.Fosque@gmail.com,police officer
214,Gui,Yam,Gui.Yam@yopmail.com,Gui.Yam@gmail.com,developer
215,Philis,Suzetta,Philis.Suzetta@yopmail.com,Philis.Suzetta@gmail.com,doctor
216,Ottilie,Byrne,Ottilie.Byrne@yopmail.com,Ottilie.Byrne@gmail.com,developer
217,Corry,Gillan,Corry.Gillan@yopmail.com,Corry.Gillan@gmail.com,firefighter
218,Morganica,Kellby,Morganica.Kellby@yopmail.com,Morganica.Kellby@gmail.com,doctor
219,Blake,Rodmann,Blake.Rodmann@yopmail.com,Blake.Rodmann@gmail.com,doctor
220,Kelly,Ricki,Kelly.Ricki@yopmail.com,Kelly.Ricki@gmail.com,doctor
221,Augustine,Lipson,Augustine.Lipson@yopmail.com,Augustine.Lipson@gmail.com,developer
222,Fred,Celestine,Fred.Celestine@yopmail.com,Fred.Celestine@gmail.com,worker
223,Goldie,Mallon,Goldie.Mallon@yopmail.com,Goldie.Mallon@gmail.com,developer
224,Rori,Colbert,Rori.Colbert@yopmail.com,Rori.Colbert@gmail.com,firefighter
225,Teddie,Mallon,Teddie.Mallon@yopmail.com,Teddie.Mallon@gmail.com,developer
226,Heida,Chandler,Heida.Chandler@yopmail.com,Heida.Chandler@gmail.com,developer
227,Babita,Boehike,Babita.Boehike@yopmail.com,Babita.Boehike@gmail.com,worker
228,Elbertina,Gino,Elbertina.Gino@yopmail.com,Elbertina.Gino@gmail.com,worker
229,Fawne,Florina,Fawne.Florina@yopmail.com,Fawne.Florina@gmail.com,worker
230,Cherilyn,Hewitt,Cherilyn.Hewitt@yopmail.com,Cherilyn.Hewitt@gmail.com,worker
231,Joane,Center,Joane.Center@yopmail.com,Joane.Center@gmail.com,doctor
232,Modestia,Tomasina,Modestia.Tomasina@yopmail.com,Modestia.Tomasina@gmail.com,police officer
233,Katleen,Medrek,Katleen.Medrek@yopmail.com,Katleen.Medrek@gmail.com,police officer
234,Concettina,Eugenia,Concettina.Eugenia@yopmail.com,Concettina.Eugenia@gmail.com,police officer
235,Candi,Reneta,Candi.Reneta@yopmail.com,Candi.Reneta@gmail.com,firefighter
236,Gwyneth,Atcliffe,Gwyneth.Atcliffe@yopmail.com,Gwyneth.Atcliffe@gmail.com,firefighter
237,Arlena,Dosia,Arlena.Dosia@yopmail.com,Arlena.Dosia@gmail.com,developer
238,Chrystel,Ochs,Chrystel.Ochs@yopmail.com,Chrystel.Ochs@gmail.com,developer
239,Oralee,Diogenes,Oralee.Diogenes@yopmail.com,Oralee.Diogenes@gmail.com,worker
240,Carree,Wildermuth,Carree.Wildermuth@yopmail.com,Carree.Wildermuth@gmail.com,police officer
241,Sheelagh,Ardra,Sheelagh.Ardra@yopmail.com,Sheelagh.Ardra@gmail.com,worker
242,Ethel,Niles,Ethel.Niles@yopmail.com,Ethel.Niles@gmail.com,worker
243,Tamqrah,Bibi,Tamqrah.Bibi@yopmail.com,Tamqrah.Bibi@gmail.com,doctor
244,Nananne,Holbrook,Nananne.Holbrook@yopmail.com,Nananne.Holbrook@gmail.com,developer
245,Tami,Stav,Tami.Stav@yopmail.com,Tami.Stav@gmail.com,firefighter
246,Kerrin,Turne,Kerrin.Turne@yopmail.com,Kerrin.Turne@gmail.com,firefighter
247,Frieda,Tufts,Frieda.Tufts@yopmail.com,Frieda.Tufts@gmail.com,police officer
248,Miquela,Dowski,Miquela.Dowski@yopmail.com,Miquela.Dowski@gmail.com,firefighter
249,Shell,Ursulette,Shell.Ursulette@yopmail.com,Shell.Ursulette@gmail.com,police officer
250,Ardys,Obed,Ardys.Obed@yopmail.com,Ardys.Obed@gmail.com,worker
251,Lory,Ephrem,Lory.Ephrem@yopmail.com,Lory.Ephrem@gmail.com,worker
252,Annice,Amethist,Annice.Amethist@yopmail.com,Annice.Amethist@gmail.com,worker
253,Tani,Garrison,Tani.Garrison@yopmail.com,Tani.Garrison@gmail.com,police officer
254,Betta,Cohdwell,Betta.Cohdwell@yopmail.com,Betta.Cohdwell@gmail.com,developer
255,Veda,Henrie,Veda.Henrie@yopmail.com,Veda.Henrie@gmail.com,doctor
256,Moyna,Dannye,Moyna.Dannye@yopmail.com,Moyna.Dannye@gmail.com,worker
257,Elbertina,Krystle,Elbertina.Krystle@yopmail.com,Elbertina.Krystle@gmail.com,worker
258,Annabela,Suzetta,Annabela.Suzetta@yopmail.com,Annabela.Suzetta@gmail.com,developer
259,Monika,Pulsifer,Monika.Pulsifer@yopmail.com,Monika.Pulsifer@gmail.com,police officer
260,Sindee,Sekofski,Sindee.Sekofski@yopmail.com,Sindee.Sekofski@gmail.com,firefighter
261,Kirbee,Hedve,Kirbee.Hedve@yopmail.com,Kirbee.Hedve@gmail.com,developer
262,Jsandye,Caitlin,Jsandye.Caitlin@yopmail.com,Jsandye.Caitlin@gmail.com,firefighter
263,Wanda,Orlene,Wanda.Orlene@yopmail.com,Wanda.Orlene@gmail.com,firefighter
264,Stacey,Johnsson,Stacey.Johnsson@yopmail.com,Stacey.Johnsson@gmail.com,police officer
265,Ira,Aldric,Ira.Aldric@yopmail.com,Ira.Aldric@gmail.com,doctor
266,Correy,Hanshaw,Correy.Hanshaw@yopmail.com,Correy.Hanshaw@gmail.com,doctor
267,Genovera,Winnick,Genovera.Winnick@yopmail.com,Genovera.Winnick@gmail.com,firefighter
268,Eadie,Anastatius,Eadie.Anastatius@yopmail.com,Eadie.Anastatius@gmail.com,doctor
269,Karolina,Chauncey,Karolina.Chauncey@yopmail.com,Karolina.Chauncey@gmail.com,doctor
270,Nicoli,Tristram,Nicoli.Tristram@yopmail.com,Nicoli.Tristram@gmail.com,police officer
271,Raina,Braun,Raina.Braun@yopmail.com,Raina.Braun@gmail.com,police officer
272,Netty,Michella,Netty.Michella@yopmail.com,Netty.Michella@gmail.com,police officer
273,Hallie,Skurnik,Hallie.Skurnik@yopmail.com,Hallie.Skurnik@gmail.com,doctor
274,Alex,Lacombe,Alex.Lacombe@yopmail.com,Alex.Lacombe@gmail.com,worker
275,Tomasina,Colp,Tomasina.Colp@yopmail.com,Tomasina.Colp@gmail.com,worker
276,Quintina,Ezar,Quintina.Ezar@yopmail.com,Quintina.Ezar@gmail.com,developer
277,Teriann,Zrike,Teriann.Zrike@yopmail.com,Teriann.Zrike@gmail.com,doctor
278,Sybille,Bettine,Sybille.Bettine@yopmail.com,Sybille.Bettine@gmail.com,worker
279,Nariko,Simmonds,Nariko.Simmonds@yopmail.com,Nariko.Simmonds@gmail.com,developer
280,Kathy,Suk,Kathy.Suk@yopmail.com,Kathy.Suk@gmail.com,police officer
281,Pierette,Rad,Pierette.Rad@yopmail.com,Pierette.Rad@gmail.com,firefighter
282,Chloris,Mathilde,Chloris.Mathilde@yopmail.com,Chloris.Mathilde@gmail.com,worker
283,Fawne,Lubin,Fawne.Lubin@yopmail.com,Fawne.Lubin@gmail.com,worker
284,Perry,Genna,Perry.Genna@yopmail.com,Perry.Genna@gmail.com,worker
285,Gerrie,Publia,Gerrie.Publia@yopmail.com,Gerrie.Publia@gmail.com,firefighter
286,Eolanda,Raychel,Eolanda.Raychel@yopmail.com,Eolanda.Raychel@gmail.com,police officer
287,Tierney,Bury,Tierney.Bury@yopmail.com,Tierney.Bury@gmail.com,doctor
288,Demetris,Percy,Demetris.Percy@yopmail.com,Demetris.Percy@gmail.com,doctor
289,Judy,Ilka,Judy.Ilka@yopmail.com,Judy.Ilka@gmail.com,doctor
290,Adelle,Avi,Adelle.Avi@yopmail.com,Adelle.Avi@gmail.com,police officer
291,Madeleine,Stilwell,Madeleine.Stilwell@yopmail.com,Madeleine.Stilwell@gmail.com,firefighter
292,Ginnie,Harl,Ginnie.Harl@yopmail.com,Ginnie.Harl@gmail.com,developer
293,Kaia,Kathie,Kaia.Kathie@yopmail.com,Kaia.Kathie@gmail.com,doctor
294,Oona,Gerge,Oona.Gerge@yopmail.com,Oona.Gerge@gmail.com,police officer
295,Basia,Laurianne,Basia.Laurianne@yopmail.com,Basia.Laurianne@gmail.com,worker
296,Janeczka,Lindemann,Janeczka.Lindemann@yopmail.com,Janeczka.Lindemann@gmail.com,developer
297,Katleen,Means,Katleen.Means@yopmail.com,Katleen.Means@gmail.com,developer
298,Malina,Llovera,Malina.Llovera@yopmail.com,Malina.Llovera@gmail.com,doctor
299,Jerry,Juan,Jerry.Juan@yopmail.com,Jerry.Juan@gmail.com,police officer
300,Kathy,Ade,Kathy.Ade@yopmail.com,Kathy.Ade@gmail.com,firefighter
301,Elsie,Morgun,Elsie.Morgun@yopmail.com,Elsie.Morgun@gmail.com,firefighter
302,Katuscha,Thilda,Katuscha.Thilda@yopmail.com,Katuscha.Thilda@gmail.com,firefighter
303,Konstance,Horan,Konstance.Horan@yopmail.com,Konstance.Horan@gmail.com,doctor
304,Devina,Gusella,Devina.Gusella@yopmail.com,Devina.Gusella@gmail.com,firefighter
305,Lindie,Shama,Lindie.Shama@yopmail.com,Lindie.Shama@gmail.com,developer
306,Wileen,Ader,Wileen.Ader@yopmail.com,Wileen.Ader@gmail.com,developer
307,Ruthe,Corrine,Ruthe.Corrine@yopmail.com,Ruthe.Corrine@gmail.com,police officer
308,Tiffie,Maisey,Tiffie.Maisey@yopmail.com,Tiffie.Maisey@gmail.com,police officer
309,Lorie,Gombach,Lorie.Gombach@yopmail.com,Lorie.Gombach@gmail.com,firefighter
310,Elfreda,Beniamino,Elfreda.Beniamino@yopmail.com,Elfreda.Beniamino@gmail.com,worker
311,Stacey,Calhoun,Stacey.Calhoun@yopmail.com,Stacey.Calhoun@gmail.com,doctor
312,Janeczka,Bearnard,Janeczka.Bearnard@yopmail.com,Janeczka.Bearnard@gmail.com,developer
313,Linet,Ophelia,Linet.Ophelia@yopmail.com,Linet.Ophelia@gmail.com,police officer
314,Nelle,Hurley,Nelle.Hurley@yopmail.com,Nelle.Hurley@gmail.com,developer
315,Rani,Sabella,Rani.Sabella@yopmail.com,Rani.Sabella@gmail.com,firefighter
316,Rochette,Erich,Rochette.Erich@yopmail.com,Rochette.Erich@gmail.com,doctor
317,Lynde,Ahab,Lynde.Ahab@yopmail.com,Lynde.Ahab@gmail.com,police officer
318,Norine,Firmin,Norine.Firmin@yopmail.com,Norine.Firmin@gmail.com,doctor
319,Sibella,Crudden,Sibella.Crudden@yopmail.com,Sibella.Crudden@gmail.com,doctor
320,Kristina,Suk,Kristina.Suk@yopmail.com,Kristina.Suk@gmail.com,firefighter
321,Ebonee,Terencio,Ebonee.Terencio@yopmail.com,Ebonee.Terencio@gmail.com,developer
322,Maisey,Daniele,Maisey.Daniele@yopmail.com,Maisey.Daniele@gmail.com,developer
323,Frances,Tengdin,Frances.Tengdin@yopmail.com,Frances.Tengdin@gmail.com,police officer
324,Hannis,Cyrie,Hannis.Cyrie@yopmail.com,Hannis.Cyrie@gmail.com,worker
325,Mahalia,Freddi,Mahalia.Freddi@yopmail.com,Mahalia.Freddi@gmail.com,doctor
326,Ann-Marie,Kamaria,Ann-Marie.Kamaria@yopmail.com,Ann-Marie.Kamaria@gmail.com,police officer
327,Frances,Bergman,Frances.Bergman@yopmail.com,Frances.Bergman@gmail.com,developer
328,Margalo,Obed,Margalo.Obed@yopmail.com,Margalo.Obed@gmail.com,worker
329,Marcelline,Jena,Marcelline.Jena@yopmail.com,Marcelline.Jena@gmail.com,police officer
330,Gabi,Stacy,Gabi.Stacy@yopmail.com,Gabi.Stacy@gmail.com,worker
331,Eadie,Ardra,Eadie.Ardra@yopmail.com,Eadie.Ardra@gmail.com,doctor
332,Kimberley,Cristi,Kimberley.Cristi@yopmail.com,Kimberley.Cristi@gmail.com,developer
333,Kalina,Eiser,Kalina.Eiser@yopmail.com,Kalina.Eiser@gmail.com,firefighter
334,Dulce,Pond,Dulce.Pond@yopmail.com,Dulce.Pond@gmail.com,worker
335,Farrah,Terrence,Farrah.Terrence@yopmail.com,Farrah.Terrence@gmail.com,firefighter
336,Queenie,Secrest,Queenie.Secrest@yopmail.com,Queenie.Secrest@gmail.com,doctor
337,Kimmy,Kermit,Kimmy.Kermit@yopmail.com,Kimmy.Kermit@gmail.com,police officer
338,Kenna,Orlene,Kenna.Orlene@yopmail.com,Kenna.Orlene@gmail.com,firefighter
339,Sara-Ann,Merna,Sara-Ann.Merna@yopmail.com,Sara-Ann.Merna@gmail.com,worker
340,Rayna,Letsou,Rayna.Letsou@yopmail.com,Rayna.Letsou@gmail.com,doctor
341,Kore,Nerita,Kore.Nerita@yopmail.com,Kore.Nerita@gmail.com,police officer
342,Babita,Phi,Babita.Phi@yopmail.com,Babita.Phi@gmail.com,developer
343,Cherilyn,Rosemary,Cherilyn.Rosemary@yopmail.com,Cherilyn.Rosemary@gmail.com,firefighter
344,Renae,Daniele,Renae.Daniele@yopmail.com,Renae.Daniele@gmail.com,police officer
345,Tori,Redmond,Tori.Redmond@yopmail.com,Tori.Redmond@gmail.com,firefighter
346,Celestyna,Carvey,Celestyna.Carvey@yopmail.com,Celestyna.Carvey@gmail.com,developer
347,Almeta,Wittie,Almeta.Wittie@yopmail.com,Almeta.Wittie@gmail.com,worker
348,Josephine,Tybald,Josephine.Tybald@yopmail.com,Josephine.Tybald@gmail.com,firefighter
349,Fayre,Lilas,Fayre.Lilas@yopmail.com,Fayre.Lilas@gmail.com,doctor
350,Sashenka,Sharl,Sashenka.Sharl@yopmail.com,Sashenka.Sharl@gmail.com,worker
351,Nita,Skell,Nita.Skell@yopmail.com,Nita.Skell@gmail.com,worker
352,Kittie,Vale,Kittie.Vale@yopmail.com,Kittie.Vale@gmail.com,developer
353,Margette,Miru,Margette.Miru@yopmail.com,Margette.Miru@gmail.com,police officer
354,Zaria,Rocray,Zaria.Rocray@yopmail.com,Zaria.Rocray@gmail.com,firefighter
355,Kathi,Pearse,Kathi.Pearse@yopmail.com,Kathi.Pearse@gmail.com,developer
356,Feliza,Randene,Feliza.Randene@yopmail.com,Feliza.Randene@gmail.com,worker
357,Tera,Juliet,Tera.Juliet@yopmail.com,Tera.Juliet@gmail.com,developer
358,Elmira,Zina,Elmira.Zina@yopmail.com,Elmira.Zina@gmail.com,firefighter
359,Flo,Larochelle,Flo.Larochelle@yopmail.com,Flo.Larochelle@gmail.com,firefighter
360,Grier,Tacye,Grier.Tacye@yopmail.com,Grier.Tacye@gmail.com,firefighter
361,Liana,Gerge,Liana.Gerge@yopmail.com,Liana.Gerge@gmail.com,firefighter
362,Nadine,Mintz,Nadine.Mintz@yopmail.com,Nadine.Mintz@gmail.com,police officer
363,Laure,Corrine,Laure.Corrine@yopmail.com,Laure.Corrine@gmail.com,developer
364,Norine,Markman,Norine.Markman@yopmail.com,Norine.Markman@gmail.com,firefighter
365,Doralynne,Screens,Doralynne.Screens@yopmail.com,Doralynne.Screens@gmail.com,developer
366,Marinna,Voletta,Marinna.Voletta@yopmail.com,Marinna.Voletta@gmail.com,police officer
367,Belva,Cleavland,Belva.Cleavland@yopmail.com,Belva.Cleavland@gmail.com,worker
368,Genevra,Iaverne,Genevra.Iaverne@yopmail.com,Genevra.Iaverne@gmail.com,firefighter
369,Regina,Gerge,Regina.Gerge@yopmail.com,Regina.Gerge@gmail.com,police officer
370,Annecorinne,Longfellow,Annecorinne.Longfellow@yopmail.com,Annecorinne.Longfellow@gmail.com,developer
371,Rayna,Roumell,Rayna.Roumell@yopmail.com,Rayna.Roumell@gmail.com,police officer
372,Viki,Prouty,Viki.Prouty@yopmail.com,Viki.Prouty@gmail.com,police officer
373,Rivalee,Euridice,Rivalee.Euridice@yopmail.com,Rivalee.Euridice@gmail.com,developer
374,Philis,Penelopa,Philis.Penelopa@yopmail.com,Philis.Penelopa@gmail.com,police officer
375,Loree,Olin,Loree.Olin@yopmail.com,Loree.Olin@gmail.com,police officer
376,Kamilah,Baptlsta,Kamilah.Baptlsta@yopmail.com,Kamilah.Baptlsta@gmail.com,firefighter
377,Dyann,Voletta,Dyann.Voletta@yopmail.com,Dyann.Voletta@gmail.com,developer
378,Marika,Even,Marika.Even@yopmail.com,Marika.Even@gmail.com,firefighter
379,Kary,Jalbert,Kary.Jalbert@yopmail.com,Kary.Jalbert@gmail.com,police officer
380,Lyssa,Sandye,Lyssa.Sandye@yopmail.com,Lyssa.Sandye@gmail.com,worker
381,Alexine,Carleen,Alexine.Carleen@yopmail.com,Alexine.Carleen@gmail.com,worker
382,Fernande,Morgun,Fernande.Morgun@yopmail.com,Fernande.Morgun@gmail.com,police officer
383,Carree,Ricki,Carree.Ricki@yopmail.com,Carree.Ricki@gmail.com,police officer
384,Constance,Hanleigh,Constance.Hanleigh@yopmail.com,Constance.Hanleigh@gmail.com,developer
385,Kylynn,Letsou,Kylynn.Letsou@yopmail.com,Kylynn.Letsou@gmail.com,police officer
386,Cristine,Dunkin,Cristine.Dunkin@yopmail.com,Cristine.Dunkin@gmail.com,firefighter
387,Alameda,Liva,Alameda.Liva@yopmail.com,Alameda.Liva@gmail.com,firefighter
388,Isa,Doig,Isa.Doig@yopmail.com,Isa.Doig@gmail.com,developer
389,Gerianna,Codding,Gerianna.Codding@yopmail.com,Gerianna.Codding@gmail.com,worker
390,Jenilee,Georas,Jenilee.Georas@yopmail.com,Jenilee.Georas@gmail.com,developer
391,Winifred,Nahum,Winifred.Nahum@yopmail.com,Winifred.Nahum@gmail.com,firefighter
392,Janeczka,Naashom,Janeczka.Naashom@yopmail.com,Janeczka.Naashom@gmail.com,police officer
393,Stephanie,Raama,Stephanie.Raama@yopmail.com,Stephanie.Raama@gmail.com,worker
394,Alejandra,Weitman,Alejandra.Weitman@yopmail.com,Alejandra.Weitman@gmail.com,worker
395,Verla,Alexandr,Verla.Alexandr@yopmail.com,Verla.Alexandr@gmail.com,worker
396,Nollie,Etom,Nollie.Etom@yopmail.com,Nollie.Etom@gmail.com,police officer
397,Augustine,Connelly,Augustine.Connelly@yopmail.com,Augustine.Connelly@gmail.com,doctor
398,Wileen,Montgomery,Wileen.Montgomery@yopmail.com,Wileen.Montgomery@gmail.com,developer
399,Lelah,Muriel,Lelah.Muriel@yopmail.com,Lelah.Muriel@gmail.com,firefighter
400,Alameda,Doig,Alameda.Doig@yopmail.com,Alameda.Doig@gmail.com,police officer
401,Joelly,Fabiola,Joelly.Fabiola@yopmail.com,Joelly.Fabiola@gmail.com,worker
402,Tobe,Tillford,Tobe.Tillford@yopmail.com,Tobe.Tillford@gmail.com,police officer
403,Fawne,Candy,Fawne.Candy@yopmail.com,Fawne.Candy@gmail.com,doctor
404,Nikki,Kathie,Nikki.Kathie@yopmail.com,Nikki.Kathie@gmail.com,doctor
405,Selma,Dermott,Selma.Dermott@yopmail.com,Selma.Dermott@gmail.com,doctor
406,Antonietta,Truc,Antonietta.Truc@yopmail.com,Antonietta.Truc@gmail.com,developer
407,Sam,Peg,Sam.Peg@yopmail.com,Sam.Peg@gmail.com,firefighter
408,Yetty,Elisha,Yetty.Elisha@yopmail.com,Yetty.Elisha@gmail.com,developer
409,Nikki,Martguerita,Nikki.Martguerita@yopmail.com,Nikki.Martguerita@gmail.com,developer
410,Ottilie,Kussell,Ottilie.Kussell@yopmail.com,Ottilie.Kussell@gmail.com,doctor
411,Krystle,Odysseus,Krystle.Odysseus@yopmail.com,Krystle.Odysseus@gmail.com,worker
412,Diena,Clarissa,Diena.Clarissa@yopmail.com,Diena.Clarissa@gmail.com,firefighter
413,Letizia,Gualtiero,Letizia.Gualtiero@yopmail.com,Letizia.Gualtiero@gmail.com,doctor
414,Krystle,Wilkinson,Krystle.Wilkinson@yopmail.com,Krystle.Wilkinson@gmail.com,police officer
415,Zia,Hashim,Zia.Hashim@yopmail.com,Zia.Hashim@gmail.com,doctor
416,Nelle,Francyne,Nelle.Francyne@yopmail.com,Nelle.Francyne@gmail.com,firefighter
417,Ekaterina,Kannry,Ekaterina.Kannry@yopmail.com,Ekaterina.Kannry@gmail.com,police officer
418,Drucie,Connelly,Drucie.Connelly@yopmail.com,Drucie.Connelly@gmail.com,doctor
419,Shaylyn,Stuart,Shaylyn.Stuart@yopmail.com,Shaylyn.Stuart@gmail.com,doctor
420,Brynna,Alwin,Brynna.Alwin@yopmail.com,Brynna.Alwin@gmail.com,doctor
421,Laurene,Rona,Laurene.Rona@yopmail.com,Laurene.Rona@gmail.com,firefighter
422,Hayley,Yoko,Hayley.Yoko@yopmail.com,Hayley.Yoko@gmail.com,firefighter
423,Magdalena,Giule,Magdalena.Giule@yopmail.com,Magdalena.Giule@gmail.com,firefighter
424,Dorthy,Kylander,Dorthy.Kylander@yopmail.com,Dorthy.Kylander@gmail.com,worker
425,Shannah,Dalli,Shannah.Dalli@yopmail.com,Shannah.Dalli@gmail.com,police officer
426,Asia,Himelman,Asia.Himelman@yopmail.com,Asia.Himelman@gmail.com,police officer
427,Nita,Franza,Nita.Franza@yopmail.com,Nita.Franza@gmail.com,developer
428,Fina,Barrus,Fina.Barrus@yopmail.com,Fina.Barrus@gmail.com,worker
429,Mathilda,Olin,Mathilda.Olin@yopmail.com,Mathilda.Olin@gmail.com,developer
430,Dorene,Selway,Dorene.Selway@yopmail.com,Dorene.Selway@gmail.com,developer
431,Christy,Kristi,Christy.Kristi@yopmail.com,Christy.Kristi@gmail.com,developer
432,Deane,Noelyn,Deane.Noelyn@yopmail.com,Deane.Noelyn@gmail.com,police officer
433,Di,Cimbura,Di.Cimbura@yopmail.com,Di.Cimbura@gmail.com,developer
434,Regina,Stefa,Regina.Stefa@yopmail.com,Regina.Stefa@gmail.com,worker
435,Sophia,Avi,Sophia.Avi@yopmail.com,Sophia.Avi@gmail.com,worker
436,Annice,Jerold,Annice.Jerold@yopmail.com,Annice.Jerold@gmail.com,worker
437,Tracey,Fillbert,Tracey.Fillbert@yopmail.com,Tracey.Fillbert@gmail.com,police officer
438,Mary,Terencio,Mary.Terencio@yopmail.com,Mary.Terencio@gmail.com,doctor
439,Yvonne,Cleavland,Yvonne.Cleavland@yopmail.com,Yvonne.Cleavland@gmail.com,developer
440,Mireielle,Dorothy,Mireielle.Dorothy@yopmail.com,Mireielle.Dorothy@gmail.com,worker
441,Stacey,Cristi,Stacey.Cristi@yopmail.com,Stacey.Cristi@gmail.com,doctor
442,Henriette,Pond,Henriette.Pond@yopmail.com,Henriette.Pond@gmail.com,worker
443,Jordan,Izaak,Jordan.Izaak@yopmail.com,Jordan.Izaak@gmail.com,firefighter
444,Philis,Allina,Philis.Allina@yopmail.com,Philis.Allina@gmail.com,police officer
445,Lexine,Cecile,Lexine.Cecile@yopmail.com,Lexine.Cecile@gmail.com,police officer
446,Fayre,Carolin,Fayre.Carolin@yopmail.com,Fayre.Carolin@gmail.com,firefighter
447,Kaja,Stover,Kaja.Stover@yopmail.com,Kaja.Stover@gmail.com,doctor
448,Hayley,Idelia,Hayley.Idelia@yopmail.com,Hayley.Idelia@gmail.com,police officer
449,Hyacinthe,Yuille,Hyacinthe.Yuille@yopmail.com,Hyacinthe.Yuille@gmail.com,developer
450,Yvonne,Casimir,Yvonne.Casimir@yopmail.com,Yvonne.Casimir@gmail.com,worker
451,Queenie,Berard,Queenie.Berard@yopmail.com,Queenie.Berard@gmail.com,police officer
452,Ariela,Anton,Ariela.Anton@yopmail.com,Ariela.Anton@gmail.com,worker
453,Ricky,Carbo,Ricky.Carbo@yopmail.com,Ricky.Carbo@gmail.com,firefighter
454,Marjie,Posner,Marjie.Posner@yopmail.com,Marjie.Posner@gmail.com,developer
455,Binny,Michella,Binny.Michella@yopmail.com,Binny.Michella@gmail.com,police officer
456,Audrie,Crudden,Audrie.Crudden@yopmail.com,Audrie.Crudden@gmail.com,firefighter
457,Isa,Gualtiero,Isa.Gualtiero@yopmail.com,Isa.Gualtiero@gmail.com,doctor
458,Marsiella,Camden,Marsiella.Camden@yopmail.com,Marsiella.Camden@gmail.com,developer
459,Susette,Naor,Susette.Naor@yopmail.com,Susette.Naor@gmail.com,firefighter
460,Corry,Parsaye,Corry.Parsaye@yopmail.com,Corry.Parsaye@gmail.com,police officer
461,Edith,Delp,Edith.Delp@yopmail.com,Edith.Delp@gmail.com,developer
462,Lynea,Ledah,Lynea.Ledah@yopmail.com,Lynea.Ledah@gmail.com,developer
463,Laurene,Wyn,Laurene.Wyn@yopmail.com,Laurene.Wyn@gmail.com,police officer
464,Corene,Cohdwell,Corene.Cohdwell@yopmail.com,Corene.Cohdwell@gmail.com,doctor
465,Cyb,Dash,Cyb.Dash@yopmail.com,Cyb.Dash@gmail.com,doctor
466,Suzette,Harned,Suzette.Harned@yopmail.com,Suzette.Harned@gmail.com,firefighter
467,Lynnea,Arvo,Lynnea.Arvo@yopmail.com,Lynnea.Arvo@gmail.com,police officer
468,Ruthe,Montgomery,Ruthe.Montgomery@yopmail.com,Ruthe.Montgomery@gmail.com,police officer
469,Addia,Eben,Addia.Eben@yopmail.com,Addia.Eben@gmail.com,developer
470,Lorne,Ackerley,Lorne.Ackerley@yopmail.com,Lorne.Ackerley@gmail.com,firefighter
471,Kerrin,Amasa,Kerrin.Amasa@yopmail.com,Kerrin.Amasa@gmail.com,doctor
472,Patricia,Goerke,Patricia.Goerke@yopmail.com,Patricia.Goerke@gmail.com,developer
473,Doralynne,Arvo,Doralynne.Arvo@yopmail.com,Doralynne.Arvo@gmail.com,firefighter
474,Paule,Larochelle,Paule.Larochelle@yopmail.com,Paule.Larochelle@gmail.com,worker
475,Cristabel,McCutcheon,Cristabel.McCutcheon@yopmail.com,Cristabel.McCutcheon@gmail.com,developer
476,Josephine,Swanhildas,Josephine.Swanhildas@yopmail.com,Josephine.Swanhildas@gmail.com,worker
477,Clarice,Iiette,Clarice.Iiette@yopmail.com,Clarice.Iiette@gmail.com,firefighter
478,Di,Obed,Di.Obed@yopmail.com,Di.Obed@gmail.com,firefighter
479,Tonia,Kelula,Tonia.Kelula@yopmail.com,Tonia.Kelula@gmail.com,developer
480,Petronia,Publia,Petronia.Publia@yopmail.com,Petronia.Publia@gmail.com,worker
481,Evita,Yusuk,Evita.Yusuk@yopmail.com,Evita.Yusuk@gmail.com,developer
482,Kore,Emanuel,Kore.Emanuel@yopmail.com,Kore.Emanuel@gmail.com,developer
483,Mamie,Aldric,Mamie.Aldric@yopmail.com,Mamie.Aldric@gmail.com,worker
484,Reeba,Argus,Reeba.Argus@yopmail.com,Reeba.Argus@gmail.com,police officer
485,Hollie,Donell,Hollie.Donell@yopmail.com,Hollie.Donell@gmail.com,worker
486,Jsandye,Rosette,Jsandye.Rosette@yopmail.com,Jsandye.Rosette@gmail.com,firefighter
487,Loree,Sheng,Loree.Sheng@yopmail.com,Loree.Sheng@gmail.com,police officer
488,Georgetta,Friede,Georgetta.Friede@yopmail.com,Georgetta.Friede@gmail.com,police officer
489,Kellen,Gabrielli,Kellen.Gabrielli@yopmail.com,Kellen.Gabrielli@gmail.com,worker
490,Aurelie,Malina,Aurelie.Malina@yopmail.com,Aurelie.Malina@gmail.com,firefighter
491,Madelle,Georgy,Madelle.Georgy@yopmail.com,Madelle.Georgy@gmail.com,police officer
492,Wilma,Brittani,Wilma.Brittani@yopmail.com,Wilma.Brittani@gmail.com,developer
493,Roslyn,Brandice,Roslyn.Brandice@yopmail.com,Roslyn.Brandice@gmail.com,firefighter
494,Bee,Wyn,Bee.Wyn@yopmail.com,Bee.Wyn@gmail.com,doctor
495,Wanda,Blisse,Wanda.Blisse@yopmail.com,Wanda.Blisse@gmail.com,police officer
496,Elora,Nikaniki,Elora.Nikaniki@yopmail.com,Elora.Nikaniki@gmail.com,firefighter
497,Lynde,Tamar,Lynde.Tamar@yopmail.com,Lynde.Tamar@gmail.com,firefighter
498,Xylina,Lasley,Xylina.Lasley@yopmail.com,Xylina.Lasley@gmail.com,doctor
499,Aaren,Alfons,Aaren.Alfons@yopmail.com,Aaren.Alfons@gmail.com,developer
500,Marita,Smitt,Marita.Smitt@yopmail.com,Marita.Smitt@gmail.com,doctor
501,Norine,Vacuva,Norine.Vacuva@yopmail.com,Norine.Vacuva@gmail.com,worker
502,Janis,Killigrew,Janis.Killigrew@yopmail.com,Janis.Killigrew@gmail.com,developer
503,Beverley,Gillan,Beverley.Gillan@yopmail.com,Beverley.Gillan@gmail.com,developer
504,Noelle,Herrera,Noelle.Herrera@yopmail.com,Noelle.Herrera@gmail.com,firefighter
505,Margette,Suk,Margette.Suk@yopmail.com,Margette.Suk@gmail.com,police officer
506,Beth,Orpah,Beth.Orpah@yopmail.com,Beth.Orpah@gmail.com,developer
507,Lilith,Ajay,Lilith.Ajay@yopmail.com,Lilith.Ajay@gmail.com,doctor
508,Aryn,Couture,Aryn.Couture@yopmail.com,Aryn.Couture@gmail.com,doctor
509,Doralynne,Delp,Doralynne.Delp@yopmail.com,Doralynne.Delp@gmail.com,doctor
510,Gale,Alrich,Gale.Alrich@yopmail.com,Gale.Alrich@gmail.com,doctor
511,Willetta,Luhe,Willetta.Luhe@yopmail.com,Willetta.Luhe@gmail.com,doctor
512,Tierney,Socha,Tierney.Socha@yopmail.com,Tierney.Socha@gmail.com,developer
513,Aeriela,Gale,Aeriela.Gale@yopmail.com,Aeriela.Gale@gmail.com,firefighter
514,Roslyn,Myrilla,Roslyn.Myrilla@yopmail.com,Roslyn.Myrilla@gmail.com,police officer
515,Wileen,Faso,Wileen.Faso@yopmail.com,Wileen.Faso@gmail.com,doctor
516,Aurelie,Tamsky,Aurelie.Tamsky@yopmail.com,Aurelie.Tamsky@gmail.com,worker
517,Ardeen,Wooster,Ardeen.Wooster@yopmail.com,Ardeen.Wooster@gmail.com,worker
518,Ileana,Thad,Ileana.Thad@yopmail.com,Ileana.Thad@gmail.com,worker
519,Priscilla,Weaks,Priscilla.Weaks@yopmail.com,Priscilla.Weaks@gmail.com,developer
520,Millie,Zina,Millie.Zina@yopmail.com,Millie.Zina@gmail.com,police officer
521,Aigneis,Yusuk,Aigneis.Yusuk@yopmail.com,Aigneis.Yusuk@gmail.com,doctor
522,Aaren,Nedrud,Aaren.Nedrud@yopmail.com,Aaren.Nedrud@gmail.com,firefighter
523,Rani,Nea,Rani.Nea@yopmail.com,Rani.Nea@gmail.com,developer
524,Elfreda,Abbot,Elfreda.Abbot@yopmail.com,Elfreda.Abbot@gmail.com,police officer
525,Lynnea,Olin,Lynnea.Olin@yopmail.com,Lynnea.Olin@gmail.com,developer
526,Sissy,Penelopa,Sissy.Penelopa@yopmail.com,Sissy.Penelopa@gmail.com,worker
527,Marline,Vilma,Marline.Vilma@yopmail.com,Marline.Vilma@gmail.com,developer
528,Lory,Warthman,Lory.Warthman@yopmail.com,Lory.Warthman@gmail.com,doctor
529,Audrie,Eno,Audrie.Eno@yopmail.com,Audrie.Eno@gmail.com,doctor
530,Dyann,Posner,Dyann.Posner@yopmail.com,Dyann.Posner@gmail.com,developer
531,Elora,Rugen,Elora.Rugen@yopmail.com,Elora.Rugen@gmail.com,doctor
532,Clo,Toffic,Clo.Toffic@yopmail.com,Clo.Toffic@gmail.com,developer
533,Michaelina,Cordi,Michaelina.Cordi@yopmail.com,Michaelina.Cordi@gmail.com,developer
534,Josephine,Zetta,Josephine.Zetta@yopmail.com,Josephine.Zetta@gmail.com,worker
535,Hallie,Peti,Hallie.Peti@yopmail.com,Hallie.Peti@gmail.com,developer
536,Mireielle,Hunfredo,Mireielle.Hunfredo@yopmail.com,Mireielle.Hunfredo@gmail.com,doctor
537,Phylis,Havens,Phylis.Havens@yopmail.com,Phylis.Havens@gmail.com,doctor
538,Merry,Lubin,Merry.Lubin@yopmail.com,Merry.Lubin@gmail.com,doctor
539,Nariko,Ulphia,Nariko.Ulphia@yopmail.com,Nariko.Ulphia@gmail.com,doctor
540,Jany,Noam,Jany.Noam@yopmail.com,Jany.Noam@gmail.com,firefighter
541,Raina,Klemperer,Raina.Klemperer@yopmail.com,Raina.Klemperer@gmail.com,police officer
542,Dolli,Fitzsimmons,Dolli.Fitzsimmons@yopmail.com,Dolli.Fitzsimmons@gmail.com,police officer
543,Di,Marijo,Di.Marijo@yopmail.com,Di.Marijo@gmail.com,doctor
544,Dione,Connelly,Dione.Connelly@yopmail.com,Dione.Connelly@gmail.com,firefighter
545,Annice,Agle,Annice.Agle@yopmail.com,Annice.Agle@gmail.com,worker
546,Ann-Marie,Morehouse,Ann-Marie.Morehouse@yopmail.com,Ann-Marie.Morehouse@gmail.com,developer
547,Leia,Bartlett,Leia.Bartlett@yopmail.com,Leia.Bartlett@gmail.com,firefighter
548,Rori,Carlson,Rori.Carlson@yopmail.com,Rori.Carlson@gmail.com,worker
549,Fanchon,Fancie,Fanchon.Fancie@yopmail.com,Fanchon.Fancie@gmail.com,firefighter
550,Carilyn,Pacorro,Carilyn.Pacorro@yopmail.com,Carilyn.Pacorro@gmail.com,doctor
551,Abbie,Poppy,Abbie.Poppy@yopmail.com,Abbie.Poppy@gmail.com,police officer
552,Natka,Scammon,Natka.Scammon@yopmail.com,Natka.Scammon@gmail.com,firefighter
553,Caressa,Bari,Caressa.Bari@yopmail.com,Caressa.Bari@gmail.com,police officer
554,Theodora,Sophronia,Theodora.Sophronia@yopmail.com,Theodora.Sophronia@gmail.com,developer
555,Dione,Ciro,Dione.Ciro@yopmail.com,Dione.Ciro@gmail.com,developer
556,Lynea,Decato,Lynea.Decato@yopmail.com,Lynea.Decato@gmail.com,worker
557,Ida,Persse,Ida.Persse@yopmail.com,Ida.Persse@gmail.com,firefighter
558,Florie,Raimondo,Florie.Raimondo@yopmail.com,Florie.Raimondo@gmail.com,developer
559,Desirae,Christal,Desirae.Christal@yopmail.com,Desirae.Christal@gmail.com,worker
560,Shell,Timon,Shell.Timon@yopmail.com,Shell.Timon@gmail.com,firefighter
561,Mady,Posner,Mady.Posner@yopmail.com,Mady.Posner@gmail.com,developer
562,Nerta,Skurnik,Nerta.Skurnik@yopmail.com,Nerta.Skurnik@gmail.com,developer
563,Babita,Terencio,Babita.Terencio@yopmail.com,Babita.Terencio@gmail.com,worker
564,Leia,Eno,Leia.Eno@yopmail.com,Leia.Eno@gmail.com,police officer
565,Misha,Meter,Misha.Meter@yopmail.com,Misha.Meter@gmail.com,developer
566,Randa,Huggins,Randa.Huggins@yopmail.com,Randa.Huggins@gmail.com,police officer
567,Carolina,Koehler,Carolina.Koehler@yopmail.com,Carolina.Koehler@gmail.com,doctor
568,Kayla,Podvin,Kayla.Podvin@yopmail.com,Kayla.Podvin@gmail.com,firefighter
569,Kamilah,Bonilla,Kamilah.Bonilla@yopmail.com,Kamilah.Bonilla@gmail.com,developer
570,Linzy,Prouty,Linzy.Prouty@yopmail.com,Linzy.Prouty@gmail.com,firefighter
571,Dale,Dyche,Dale.Dyche@yopmail.com,Dale.Dyche@gmail.com,developer
572,Mariele,Bouchard,Mariele.Bouchard@yopmail.com,Mariele.Bouchard@gmail.com,developer
573,Kirbee,Erminia,Kirbee.Erminia@yopmail.com,Kirbee.Erminia@gmail.com,firefighter
574,Veda,Haldas,Veda.Haldas@yopmail.com,Veda.Haldas@gmail.com,developer
575,Juliane,Tybald,Juliane.Tybald@yopmail.com,Juliane.Tybald@gmail.com,police officer
576,Mady,Mitzi,Mady.Mitzi@yopmail.com,Mady.Mitzi@gmail.com,worker
577,Aurelie,Dorcy,Aurelie.Dorcy@yopmail.com,Aurelie.Dorcy@gmail.com,doctor
578,Deloria,Pulsifer,Deloria.Pulsifer@yopmail.com,Deloria.Pulsifer@gmail.com,police officer
579,Hildegaard,Aida,Hildegaard.Aida@yopmail.com,Hildegaard.Aida@gmail.com,worker
580,Peri,Roxanna,Peri.Roxanna@yopmail.com,Peri.Roxanna@gmail.com,police officer
581,Frank,Gherardo,Frank.Gherardo@yopmail.com,Frank.Gherardo@gmail.com,developer
582,Fredericka,Skell,Fredericka.Skell@yopmail.com,Fredericka.Skell@gmail.com,firefighter
583,Emmey,Obed,Emmey.Obed@yopmail.com,Emmey.Obed@gmail.com,police officer
584,Lonnie,Girardo,Lonnie.Girardo@yopmail.com,Lonnie.Girardo@gmail.com,developer
585,Gloria,Delila,Gloria.Delila@yopmail.com,Gloria.Delila@gmail.com,worker
586,Lulita,Dituri,Lulita.Dituri@yopmail.com,Lulita.Dituri@gmail.com,firefighter
587,Marsiella,Drisko,Marsiella.Drisko@yopmail.com,Marsiella.Drisko@gmail.com,worker
588,Queenie,Teddman,Queenie.Teddman@yopmail.com,Queenie.Teddman@gmail.com,worker
589,Isa,Beniamino,Isa.Beniamino@yopmail.com,Isa.Beniamino@gmail.com,doctor
590,Almeta,Shirberg,Almeta.Shirberg@yopmail.com,Almeta.Shirberg@gmail.com,doctor
591,Amara,Forrer,Amara.Forrer@yopmail.com,Amara.Forrer@gmail.com,firefighter
592,Miquela,Salchunas,Miquela.Salchunas@yopmail.com,Miquela.Salchunas@gmail.com,firefighter
593,Leanna,Wind,Leanna.Wind@yopmail.com,Leanna.Wind@gmail.com,police officer
594,Estell,Gert,Estell.Gert@yopmail.com,Estell.Gert@gmail.com,developer
595,Nicoli,Wattenberg,Nicoli.Wattenberg@yopmail.com,Nicoli.Wattenberg@gmail.com,doctor
596,Trudie,Gino,Trudie.Gino@yopmail.com,Trudie.Gino@gmail.com,worker
597,Latisha,Rosemary,Latisha.Rosemary@yopmail.com,Latisha.Rosemary@gmail.com,firefighter
598,Adele,Hamil,Adele.Hamil@yopmail.com,Adele.Hamil@gmail.com,developer
599,Oralee,Allys,Oralee.Allys@yopmail.com,Oralee.Allys@gmail.com,firefighter
600,Rhoda,Firmin,Rhoda.Firmin@yopmail.com,Rhoda.Firmin@gmail.com,developer
601,Veda,August,Veda.August@yopmail.com,Veda.August@gmail.com,doctor
602,Kenna,Kat,Kenna.Kat@yopmail.com,Kenna.Kat@gmail.com,developer
603,Keelia,Juliet,Keelia.Juliet@yopmail.com,Keelia.Juliet@gmail.com,police officer
604,Deane,Dorothy,Deane.Dorothy@yopmail.com,Deane.Dorothy@gmail.com,worker
605,Alejandra,Evangelia,Alejandra.Evangelia@yopmail.com,Alejandra.Evangelia@gmail.com,police officer
606,Raquela,Aaberg,Raquela.Aaberg@yopmail.com,Raquela.Aaberg@gmail.com,police officer
607,Kylynn,Rhu,Kylynn.Rhu@yopmail.com,Kylynn.Rhu@gmail.com,police officer
608,Tina,Alrich,Tina.Alrich@yopmail.com,Tina.Alrich@gmail.com,worker
609,Margarette,Ader,Margarette.Ader@yopmail.com,Margarette.Ader@gmail.com,doctor
610,Amelia,Holtz,Amelia.Holtz@yopmail.com,Amelia.Holtz@gmail.com,firefighter
611,Mureil,Dowski,Mureil.Dowski@yopmail.com,Mureil.Dowski@gmail.com,worker
612,Desirae,Hermes,Desirae.Hermes@yopmail.com,Desirae.Hermes@gmail.com,developer
613,Shaylyn,Felizio,Shaylyn.Felizio@yopmail.com,Shaylyn.Felizio@gmail.com,doctor
614,Georgina,Darrell,Georgina.Darrell@yopmail.com,Georgina.Darrell@gmail.com,worker
615,Mady,Haerr,Mady.Haerr@yopmail.com,Mady.Haerr@gmail.com,developer
616,Cordi,Terencio,Cordi.Terencio@yopmail.com,Cordi.Terencio@gmail.com,worker
617,Cyb,Alwin,Cyb.Alwin@yopmail.com,Cyb.Alwin@gmail.com,firefighter
618,Marika,Jerold,Marika.Jerold@yopmail.com,Marika.Jerold@gmail.com,doctor
619,Shannah,Johnsson,Shannah.Johnsson@yopmail.com,Shannah.Johnsson@gmail.com,developer
620,Jackie,Cimbura,Jackie.Cimbura@yopmail.com,Jackie.Cimbura@gmail.com,developer
621,Bee,Gunn,Bee.Gunn@yopmail.com,Bee.Gunn@gmail.com,developer
622,Zondra,Greyson,Zondra.Greyson@yopmail.com,Zondra.Greyson@gmail.com,doctor
623,Jeanna,Couture,Jeanna.Couture@yopmail.com,Jeanna.Couture@gmail.com,firefighter
624,Nannie,Chabot,Nannie.Chabot@yopmail.com,Nannie.Chabot@gmail.com,worker
625,Stephanie,Cosenza,Stephanie.Cosenza@yopmail.com,Stephanie.Cosenza@gmail.com,firefighter
626,Agnese,Pearse,Agnese.Pearse@yopmail.com,Agnese.Pearse@gmail.com,developer
627,Gabriellia,My,Gabriellia.My@yopmail.com,Gabriellia.My@gmail.com,firefighter
628,Delilah,Sidonius,Delilah.Sidonius@yopmail.com,Delilah.Sidonius@gmail.com,police officer
629,Elka,Pip,Elka.Pip@yopmail.com,Elka.Pip@gmail.com,firefighter
630,Joelly,Pearse,Joelly.Pearse@yopmail.com,Joelly.Pearse@gmail.com,worker
631,Millie,Chobot,Millie.Chobot@yopmail.com,Millie.Chobot@gmail.com,worker
632,Drucie,Corabella,Drucie.Corabella@yopmail.com,Drucie.Corabella@gmail.com,firefighter
633,Lauryn,Lowry,Lauryn.Lowry@yopmail.com,Lauryn.Lowry@gmail.com,police officer
634,Farrah,Marden,Farrah.Marden@yopmail.com,Farrah.Marden@gmail.com,firefighter
635,Collen,Haerr,Collen.Haerr@yopmail.com,Collen.Haerr@gmail.com,worker
636,Ruthe,Secrest,Ruthe.Secrest@yopmail.com,Ruthe.Secrest@gmail.com,developer
637,Gilda,Rosemary,Gilda.Rosemary@yopmail.com,Gilda.Rosemary@gmail.com,worker
638,Frieda,Frodi,Frieda.Frodi@yopmail.com,Frieda.Frodi@gmail.com,developer
639,Shell,Alarise,Shell.Alarise@yopmail.com,Shell.Alarise@gmail.com,firefighter
640,Reeba,Sisile,Reeba.Sisile@yopmail.com,Reeba.Sisile@gmail.com,doctor
641,Christal,Lilas,Christal.Lilas@yopmail.com,Christal.Lilas@gmail.com,doctor
642,Abbie,Doig,Abbie.Doig@yopmail.com,Abbie.Doig@gmail.com,firefighter
643,Alleen,Goode,Alleen.Goode@yopmail.com,Alleen.Goode@gmail.com,doctor
644,Cristabel,Sherfield,Cristabel.Sherfield@yopmail.com,Cristabel.Sherfield@gmail.com,firefighter
645,Verla,Gerge,Verla.Gerge@yopmail.com,Verla.Gerge@gmail.com,firefighter
646,Kelly,Adore,Kelly.Adore@yopmail.com,Kelly.Adore@gmail.com,firefighter
647,Ada,Loeb,Ada.Loeb@yopmail.com,Ada.Loeb@gmail.com,doctor
648,Kary,Deegan,Kary.Deegan@yopmail.com,Kary.Deegan@gmail.com,firefighter
649,Charissa,Anis,Charissa.Anis@yopmail.com,Charissa.Anis@gmail.com,doctor
650,Hallie,Orlene,Hallie.Orlene@yopmail.com,Hallie.Orlene@gmail.com,doctor
651,Courtnay,Mata,Courtnay.Mata@yopmail.com,Courtnay.Mata@gmail.com,worker
652,Averyl,Narton,Averyl.Narton@yopmail.com,Averyl.Narton@gmail.com,worker
653,Ezmeralda,Stanwood,Ezmeralda.Stanwood@yopmail.com,Ezmeralda.Stanwood@gmail.com,developer
654,Rhoda,Jerald,Rhoda.Jerald@yopmail.com,Rhoda.Jerald@gmail.com,doctor
655,Antonietta,Deegan,Antonietta.Deegan@yopmail.com,Antonietta.Deegan@gmail.com,police officer
656,Paulita,Hepsibah,Paulita.Hepsibah@yopmail.com,Paulita.Hepsibah@gmail.com,police officer
657,Ebonee,Lumbard,Ebonee.Lumbard@yopmail.com,Ebonee.Lumbard@gmail.com,developer
658,Jaclyn,Engdahl,Jaclyn.Engdahl@yopmail.com,Jaclyn.Engdahl@gmail.com,developer
659,Sallie,Kannry,Sallie.Kannry@yopmail.com,Sallie.Kannry@gmail.com,police officer
660,Millie,Haldas,Millie.Haldas@yopmail.com,Millie.Haldas@gmail.com,worker
661,Celisse,Neils,Celisse.Neils@yopmail.com,Celisse.Neils@gmail.com,developer
662,Penelopa,Margarete,Penelopa.Margarete@yopmail.com,Penelopa.Margarete@gmail.com,doctor
663,Maud,Evvie,Maud.Evvie@yopmail.com,Maud.Evvie@gmail.com,doctor
664,Tersina,Rillings,Tersina.Rillings@yopmail.com,Tersina.Rillings@gmail.com,police officer
665,Katuscha,Schlosser,Katuscha.Schlosser@yopmail.com,Katuscha.Schlosser@gmail.com,developer
666,Elie,Pillsbury,Elie.Pillsbury@yopmail.com,Elie.Pillsbury@gmail.com,police officer
667,Atlanta,Zaslow,Atlanta.Zaslow@yopmail.com,Atlanta.Zaslow@gmail.com,developer
668,Joane,Matthew,Joane.Matthew@yopmail.com,Joane.Matthew@gmail.com,worker
669,Asia,Grobe,Asia.Grobe@yopmail.com,Asia.Grobe@gmail.com,worker
670,Linet,Lenny,Linet.Lenny@yopmail.com,Linet.Lenny@gmail.com,police officer
671,Aurore,Clywd,Aurore.Clywd@yopmail.com,Aurore.Clywd@gmail.com,developer
672,Marika,Trey,Marika.Trey@yopmail.com,Marika.Trey@gmail.com,doctor
673,Esmeralda,Wolfgram,Esmeralda.Wolfgram@yopmail.com,Esmeralda.Wolfgram@gmail.com,doctor
674,Evaleen,Clara,Evaleen.Clara@yopmail.com,Evaleen.Clara@gmail.com,police officer
675,Emylee,Jaylene,Emylee.Jaylene@yopmail.com,Emylee.Jaylene@gmail.com,worker
676,Emilia,Bohlin,Emilia.Bohlin@yopmail.com,Emilia.Bohlin@gmail.com,doctor
677,Robinia,Ailyn,Robinia.Ailyn@yopmail.com,Robinia.Ailyn@gmail.com,firefighter
678,Lory,Sibyls,Lory.Sibyls@yopmail.com,Lory.Sibyls@gmail.com,police officer
679,Elvira,Rubie,Elvira.Rubie@yopmail.com,Elvira.Rubie@gmail.com,developer
680,Perry,Felecia,Perry.Felecia@yopmail.com,Perry.Felecia@gmail.com,developer
681,Bettine,Faro,Bettine.Faro@yopmail.com,Bettine.Faro@gmail.com,firefighter
682,Viviene,Aida,Viviene.Aida@yopmail.com,Viviene.Aida@gmail.com,police officer
683,Teriann,Nea,Teriann.Nea@yopmail.com,Teriann.Nea@gmail.com,developer
684,Kittie,Dash,Kittie.Dash@yopmail.com,Kittie.Dash@gmail.com,developer
685,Kaja,Koehler,Kaja.Koehler@yopmail.com,Kaja.Koehler@gmail.com,firefighter
686,Babita,Moina,Babita.Moina@yopmail.com,Babita.Moina@gmail.com,worker
687,Malina,Dermott,Malina.Dermott@yopmail.com,Malina.Dermott@gmail.com,doctor
688,Linzy,Johnsson,Linzy.Johnsson@yopmail.com,Linzy.Johnsson@gmail.com,developer
689,Rozele,Darbie,Rozele.Darbie@yopmail.com,Rozele.Darbie@gmail.com,worker
690,Agnese,Chandler,Agnese.Chandler@yopmail.com,Agnese.Chandler@gmail.com,developer
691,Angela,Sherrie,Angela.Sherrie@yopmail.com,Angela.Sherrie@gmail.com,doctor
692,Annice,Soneson,Annice.Soneson@yopmail.com,Annice.Soneson@gmail.com,doctor
693,Glenda,Reneta,Glenda.Reneta@yopmail.com,Glenda.Reneta@gmail.com,firefighter
694,Olwen,Manolo,Olwen.Manolo@yopmail.com,Olwen.Manolo@gmail.com,developer
695,Candy,Toffic,Candy.Toffic@yopmail.com,Candy.Toffic@gmail.com,developer
696,Sallie,Callista,Sallie.Callista@yopmail.com,Sallie.Callista@gmail.com,worker
697,Regina,Noam,Regina.Noam@yopmail.com,Regina.Noam@gmail.com,developer
698,Karlee,Jary,Karlee.Jary@yopmail.com,Karlee.Jary@gmail.com,police officer
699,Johna,O'Rourke,Johna.O'Rourke@yopmail.com,Johna.O'Rourke@gmail.com,firefighter
700,Winifred,Brodench,Winifred.Brodench@yopmail.com,Winifred.Brodench@gmail.com,worker
701,Lyssa,Barrus,Lyssa.Barrus@yopmail.com,Lyssa.Barrus@gmail.com,developer
702,Margalo,Brian,Margalo.Brian@yopmail.com,Margalo.Brian@gmail.com,developer
703,Patricia,Cressida,Patricia.Cressida@yopmail.com,Patricia.Cressida@gmail.com,doctor
704,Ermengarde,Halla,Ermengarde.Halla@yopmail.com,Ermengarde.Halla@gmail.com,firefighter
705,Evaleen,Goth,Evaleen.Goth@yopmail.com,Evaleen.Goth@gmail.com,firefighter
706,Belinda,Grosz,Belinda.Grosz@yopmail.com,Belinda.Grosz@gmail.com,worker
707,Daune,Larochelle,Daune.Larochelle@yopmail.com,Daune.Larochelle@gmail.com,worker
708,Sophia,Ardeha,Sophia.Ardeha@yopmail.com,Sophia.Ardeha@gmail.com,police officer
709,Viviene,Oriana,Viviene.Oriana@yopmail.com,Viviene.Oriana@gmail.com,developer
710,Cordi,Stuart,Cordi.Stuart@yopmail.com,Cordi.Stuart@gmail.com,developer
711,Nicoli,Engdahl,Nicoli.Engdahl@yopmail.com,Nicoli.Engdahl@gmail.com,police officer
712,Blinni,Callista,Blinni.Callista@yopmail.com,Blinni.Callista@gmail.com,worker
713,Bertine,Mehalek,Bertine.Mehalek@yopmail.com,Bertine.Mehalek@gmail.com,firefighter
714,Viviene,Elo,Viviene.Elo@yopmail.com,Viviene.Elo@gmail.com,police officer
715,Ingrid,Jerold,Ingrid.Jerold@yopmail.com,Ingrid.Jerold@gmail.com,firefighter
716,Millie,Anselmi,Millie.Anselmi@yopmail.com,Millie.Anselmi@gmail.com,doctor
717,Ivett,Lunsford,Ivett.Lunsford@yopmail.com,Ivett.Lunsford@gmail.com,doctor
718,Nonnah,Virgin,Nonnah.Virgin@yopmail.com,Nonnah.Virgin@gmail.com,worker
719,Flory,Gabrielli,Flory.Gabrielli@yopmail.com,Flory.Gabrielli@gmail.com,firefighter
720,Eadie,Candy,Eadie.Candy@yopmail.com,Eadie.Candy@gmail.com,doctor
721,Millie,Drisko,Millie.Drisko@yopmail.com,Millie.Drisko@gmail.com,police officer
722,Imojean,Prober,Imojean.Prober@yopmail.com,Imojean.Prober@gmail.com,doctor
723,Randa,Erminia,Randa.Erminia@yopmail.com,Randa.Erminia@gmail.com,police officer
724,Deirdre,Janene,Deirdre.Janene@yopmail.com,Deirdre.Janene@gmail.com,developer
725,Lynde,Ashely,Lynde.Ashely@yopmail.com,Lynde.Ashely@gmail.com,police officer
726,Renae,Daniele,Renae.Daniele@yopmail.com,Renae.Daniele@gmail.com,worker
727,Anica,Couture,Anica.Couture@yopmail.com,Anica.Couture@gmail.com,firefighter
728,Fred,Rocray,Fred.Rocray@yopmail.com,Fred.Rocray@gmail.com,worker
729,Georgetta,Thunell,Georgetta.Thunell@yopmail.com,Georgetta.Thunell@gmail.com,police officer
730,Bobinette,Toor,Bobinette.Toor@yopmail.com,Bobinette.Toor@gmail.com,firefighter
731,Angela,Mayeda,Angela.Mayeda@yopmail.com,Angela.Mayeda@gmail.com,developer
732,Bettine,Diogenes,Bettine.Diogenes@yopmail.com,Bettine.Diogenes@gmail.com,developer
733,Susan,Gamaliel,Susan.Gamaliel@yopmail.com,Susan.Gamaliel@gmail.com,police officer
734,Anica,Abernon,Anica.Abernon@yopmail.com,Anica.Abernon@gmail.com,worker
735,Lynnea,Madox,Lynnea.Madox@yopmail.com,Lynnea.Madox@gmail.com,police officer
736,Marti,Harl,Marti.Harl@yopmail.com,Marti.Harl@gmail.com,police officer
737,Kenna,Edee,Kenna.Edee@yopmail.com,Kenna.Edee@gmail.com,firefighter
738,Karolina,Zetta,Karolina.Zetta@yopmail.com,Karolina.Zetta@gmail.com,doctor
739,Carilyn,Tufts,Carilyn.Tufts@yopmail.com,Carilyn.Tufts@gmail.com,developer
740,Teriann,Weaks,Teriann.Weaks@yopmail.com,Teriann.Weaks@gmail.com,doctor
741,Eugine,Poll,Eugine.Poll@yopmail.com,Eugine.Poll@gmail.com,doctor
742,Jemie,Lynn,Jemie.Lynn@yopmail.com,Jemie.Lynn@gmail.com,developer
743,Tersina,Pernick,Tersina.Pernick@yopmail.com,Tersina.Pernick@gmail.com,worker
744,Krystle,Libna,Krystle.Libna@yopmail.com,Krystle.Libna@gmail.com,worker
745,Kittie,Corilla,Kittie.Corilla@yopmail.com,Kittie.Corilla@gmail.com,worker
746,Tera,Kunin,Tera.Kunin@yopmail.com,Tera.Kunin@gmail.com,developer
747,Annabela,Chauncey,Annabela.Chauncey@yopmail.com,Annabela.Chauncey@gmail.com,developer
748,Celestyna,Ader,Celestyna.Ader@yopmail.com,Celestyna.Ader@gmail.com,worker
749,Kaia,Hoban,Kaia.Hoban@yopmail.com,Kaia.Hoban@gmail.com,developer
750,Melina,Frendel,Melina.Frendel@yopmail.com,Melina.Frendel@gmail.com,firefighter
751,Olwen,Redmond,Olwen.Redmond@yopmail.com,Olwen.Redmond@gmail.com,developer
752,Justinn,Melleta,Justinn.Melleta@yopmail.com,Justinn.Melleta@gmail.com,firefighter
753,Shell,Parette,Shell.Parette@yopmail.com,Shell.Parette@gmail.com,police officer
754,Angelique,My,Angelique.My@yopmail.com,Angelique.My@gmail.com,police officer
755,Etta,Burkle,Etta.Burkle@yopmail.com,Etta.Burkle@gmail.com,firefighter
756,Letizia,Brackely,Letizia.Brackely@yopmail.com,Letizia.Brackely@gmail.com,doctor
757,Kristina,Alexandr,Kristina.Alexandr@yopmail.com,Kristina.Alexandr@gmail.com,doctor
758,Allyce,Cutlerr,Allyce.Cutlerr@yopmail.com,Allyce.Cutlerr@gmail.com,worker
759,Merry,Hathaway,Merry.Hathaway@yopmail.com,Merry.Hathaway@gmail.com,firefighter
760,Patricia,Hieronymus,Patricia.Hieronymus@yopmail.com,Patricia.Hieronymus@gmail.com,developer
761,Rhea,Melleta,Rhea.Melleta@yopmail.com,Rhea.Melleta@gmail.com,firefighter
762,Stacey,Rurik,Stacey.Rurik@yopmail.com,Stacey.Rurik@gmail.com,developer
763,Moyna,Karl,Moyna.Karl@yopmail.com,Moyna.Karl@gmail.com,doctor
764,Glynnis,Revkah,Glynnis.Revkah@yopmail.com,Glynnis.Revkah@gmail.com,firefighter
765,Lindie,Eckblad,Lindie.Eckblad@yopmail.com,Lindie.Eckblad@gmail.com,firefighter
766,Katharina,Anestassia,Katharina.Anestassia@yopmail.com,Katharina.Anestassia@gmail.com,developer
767,Norine,Astra,Norine.Astra@yopmail.com,Norine.Astra@gmail.com,worker
768,Janenna,Ardeha,Janenna.Ardeha@yopmail.com,Janenna.Ardeha@gmail.com,firefighter
769,Deedee,Bartlett,Deedee.Bartlett@yopmail.com,Deedee.Bartlett@gmail.com,doctor
770,Jeanna,Sidonius,Jeanna.Sidonius@yopmail.com,Jeanna.Sidonius@gmail.com,firefighter
771,Selma,Linehan,Selma.Linehan@yopmail.com,Selma.Linehan@gmail.com,worker
772,Imojean,Killigrew,Imojean.Killigrew@yopmail.com,Imojean.Killigrew@gmail.com,police officer
773,Mignon,Hebner,Mignon.Hebner@yopmail.com,Mignon.Hebner@gmail.com,firefighter
774,Sadie,Lutero,Sadie.Lutero@yopmail.com,Sadie.Lutero@gmail.com,developer
775,Bill,Gladstone,Bill.Gladstone@yopmail.com,Bill.Gladstone@gmail.com,doctor
776,Marnia,Ax,Marnia.Ax@yopmail.com,Marnia.Ax@gmail.com,worker
777,Lauryn,Zina,Lauryn.Zina@yopmail.com,Lauryn.Zina@gmail.com,doctor
778,Blondelle,Stephie,Blondelle.Stephie@yopmail.com,Blondelle.Stephie@gmail.com,police officer
779,Arlena,Sparhawk,Arlena.Sparhawk@yopmail.com,Arlena.Sparhawk@gmail.com,doctor
780,Roseline,Brunell,Roseline.Brunell@yopmail.com,Roseline.Brunell@gmail.com,doctor
781,Claresta,Baylor,Claresta.Baylor@yopmail.com,Claresta.Baylor@gmail.com,worker
782,Aeriela,Diogenes,Aeriela.Diogenes@yopmail.com,Aeriela.Diogenes@gmail.com,worker
783,Perry,Hylan,Perry.Hylan@yopmail.com,Perry.Hylan@gmail.com,developer
784,Annice,Chobot,Annice.Chobot@yopmail.com,Annice.Chobot@gmail.com,police officer
785,Aryn,Niccolo,Aryn.Niccolo@yopmail.com,Aryn.Niccolo@gmail.com,doctor
786,Caressa,Sholley,Caressa.Sholley@yopmail.com,Caressa.Sholley@gmail.com,firefighter
787,Mary,Raimondo,Mary.Raimondo@yopmail.com,Mary.Raimondo@gmail.com,doctor
788,Annabela,Kendrick,Annabela.Kendrick@yopmail.com,Annabela.Kendrick@gmail.com,firefighter
789,Kathy,Terrence,Kathy.Terrence@yopmail.com,Kathy.Terrence@gmail.com,police officer
790,Ekaterina,Candy,Ekaterina.Candy@yopmail.com,Ekaterina.Candy@gmail.com,developer
791,Rani,Gordon,Rani.Gordon@yopmail.com,Rani.Gordon@gmail.com,doctor
792,Stevana,Schlosser,Stevana.Schlosser@yopmail.com,Stevana.Schlosser@gmail.com,firefighter
793,Cyndie,Philipp,Cyndie.Philipp@yopmail.com,Cyndie.Philipp@gmail.com,police officer
794,Jessy,Cleavland,Jessy.Cleavland@yopmail.com,Jessy.Cleavland@gmail.com,doctor
795,Romona,Teryn,Romona.Teryn@yopmail.com,Romona.Teryn@gmail.com,police officer
796,Kimberley,Carmena,Kimberley.Carmena@yopmail.com,Kimberley.Carmena@gmail.com,worker
797,Nollie,Kauppi,Nollie.Kauppi@yopmail.com,Nollie.Kauppi@gmail.com,police officer
798,Deirdre,Ezar,Deirdre.Ezar@yopmail.com,Deirdre.Ezar@gmail.com,developer
799,Lizzie,Amadas,Lizzie.Amadas@yopmail.com,Lizzie.Amadas@gmail.com,developer
800,Shell,Killigrew,Shell.Killigrew@yopmail.com,Shell.Killigrew@gmail.com,developer
801,Gratia,Orlene,Gratia.Orlene@yopmail.com,Gratia.Orlene@gmail.com,police officer
802,Hildegaard,Gunn,Hildegaard.Gunn@yopmail.com,Hildegaard.Gunn@gmail.com,worker
803,Roxane,Brieta,Roxane.Brieta@yopmail.com,Roxane.Brieta@gmail.com,firefighter
804,Lonnie,Montgomery,Lonnie.Montgomery@yopmail.com,Lonnie.Montgomery@gmail.com,firefighter
805,Inga,Malvino,Inga.Malvino@yopmail.com,Inga.Malvino@gmail.com,doctor
806,Sashenka,Thunell,Sashenka.Thunell@yopmail.com,Sashenka.Thunell@gmail.com,doctor
807,Johna,Edmund,Johna.Edmund@yopmail.com,Johna.Edmund@gmail.com,police officer
808,Maryellen,Cyrie,Maryellen.Cyrie@yopmail.com,Maryellen.Cyrie@gmail.com,police officer
809,Carmela,Elbertina,Carmela.Elbertina@yopmail.com,Carmela.Elbertina@gmail.com,police officer
810,Angela,Solitta,Angela.Solitta@yopmail.com,Angela.Solitta@gmail.com,worker
811,Mellicent,Lattie,Mellicent.Lattie@yopmail.com,Mellicent.Lattie@gmail.com,firefighter
812,Malina,Belanger,Malina.Belanger@yopmail.com,Malina.Belanger@gmail.com,worker
813,Odessa,Elbertina,Odessa.Elbertina@yopmail.com,Odessa.Elbertina@gmail.com,developer
814,Zia,Aida,Zia.Aida@yopmail.com,Zia.Aida@gmail.com,police officer
815,Layla,Ezar,Layla.Ezar@yopmail.com,Layla.Ezar@gmail.com,developer
816,Lucille,Madox,Lucille.Madox@yopmail.com,Lucille.Madox@gmail.com,worker
817,Celisse,Barney,Celisse.Barney@yopmail.com,Celisse.Barney@gmail.com,firefighter
818,Nessie,Astra,Nessie.Astra@yopmail.com,Nessie.Astra@gmail.com,firefighter
819,Halette,Radu,Halette.Radu@yopmail.com,Halette.Radu@gmail.com,worker
820,Babita,Emerson,Babita.Emerson@yopmail.com,Babita.Emerson@gmail.com,police officer
821,Verla,Maryanne,Verla.Maryanne@yopmail.com,Verla.Maryanne@gmail.com,police officer
822,Cathyleen,Newell,Cathyleen.Newell@yopmail.com,Cathyleen.Newell@gmail.com,worker
823,Caritta,Felecia,Caritta.Felecia@yopmail.com,Caritta.Felecia@gmail.com,developer
824,Madalyn,Jammal,Madalyn.Jammal@yopmail.com,Madalyn.Jammal@gmail.com,police officer
825,Elyssa,An,Elyssa.An@yopmail.com,Elyssa.An@gmail.com,firefighter
826,Janey,Vanni,Janey.Vanni@yopmail.com,Janey.Vanni@gmail.com,doctor
827,Odessa,Merna,Odessa.Merna@yopmail.com,Odessa.Merna@gmail.com,developer
828,Gilligan,Faust,Gilligan.Faust@yopmail.com,Gilligan.Faust@gmail.com,firefighter
829,Dagmar,Amadas,Dagmar.Amadas@yopmail.com,Dagmar.Amadas@gmail.com,police officer
830,Ottilie,Brotherson,Ottilie.Brotherson@yopmail.com,Ottilie.Brotherson@gmail.com,worker
831,Marika,Horan,Marika.Horan@yopmail.com,Marika.Horan@gmail.com,police officer
832,Karlee,Anton,Karlee.Anton@yopmail.com,Karlee.Anton@gmail.com,police officer
833,Ardys,Ilka,Ardys.Ilka@yopmail.com,Ardys.Ilka@gmail.com,doctor
834,Rebeca,Lilybelle,Rebeca.Lilybelle@yopmail.com,Rebeca.Lilybelle@gmail.com,police officer
835,Theodora,Imelida,Theodora.Imelida@yopmail.com,Theodora.Imelida@gmail.com,worker
836,Inga,Shanley,Inga.Shanley@yopmail.com,Inga.Shanley@gmail.com,doctor
837,Mireielle,Ochs,Mireielle.Ochs@yopmail.com,Mireielle.Ochs@gmail.com,worker
838,Coral,Milson,Coral.Milson@yopmail.com,Coral.Milson@gmail.com,firefighter
839,Emmey,Elsinore,Emmey.Elsinore@yopmail.com,Emmey.Elsinore@gmail.com,firefighter
840,Jerry,Revkah,Jerry.Revkah@yopmail.com,Jerry.Revkah@gmail.com,developer
841,Hyacinthe,Aaberg,Hyacinthe.Aaberg@yopmail.com,Hyacinthe.Aaberg@gmail.com,worker
842,Joceline,Aprile,Joceline.Aprile@yopmail.com,Joceline.Aprile@gmail.com,doctor
843,Vonny,Longfellow,Vonny.Longfellow@yopmail.com,Vonny.Longfellow@gmail.com,worker
844,Hermione,Minetta,Hermione.Minetta@yopmail.com,Hermione.Minetta@gmail.com,firefighter
845,Sallie,Ellerey,Sallie.Ellerey@yopmail.com,Sallie.Ellerey@gmail.com,developer
846,Flo,Aaberg,Flo.Aaberg@yopmail.com,Flo.Aaberg@gmail.com,firefighter
847,Libbie,Wolfgram,Libbie.Wolfgram@yopmail.com,Libbie.Wolfgram@gmail.com,worker
848,Agnese,Wandie,Agnese.Wandie@yopmail.com,Agnese.Wandie@gmail.com,firefighter
849,Merci,Madelene,Merci.Madelene@yopmail.com,Merci.Madelene@gmail.com,firefighter
850,Rubie,Kauppi,Rubie.Kauppi@yopmail.com,Rubie.Kauppi@gmail.com,worker
851,Cathie,Virgin,Cathie.Virgin@yopmail.com,Cathie.Virgin@gmail.com,police officer
852,Antonietta,Horan,Antonietta.Horan@yopmail.com,Antonietta.Horan@gmail.com,doctor
853,Collen,Pierette,Collen.Pierette@yopmail.com,Collen.Pierette@gmail.com,doctor
854,Ginnie,Adore,Ginnie.Adore@yopmail.com,Ginnie.Adore@gmail.com,developer
855,Jaclyn,Elvyn,Jaclyn.Elvyn@yopmail.com,Jaclyn.Elvyn@gmail.com,developer
856,Selia,Ursulette,Selia.Ursulette@yopmail.com,Selia.Ursulette@gmail.com,police officer
857,Shauna,Narton,Shauna.Narton@yopmail.com,Shauna.Narton@gmail.com,doctor
858,Bertine,Diogenes,Bertine.Diogenes@yopmail.com,Bertine.Diogenes@gmail.com,developer
859,Stacey,Camden,Stacey.Camden@yopmail.com,Stacey.Camden@gmail.com,developer
860,Lesly,Standing,Lesly.Standing@yopmail.com,Lesly.Standing@gmail.com,developer
861,Vivia,Center,Vivia.Center@yopmail.com,Vivia.Center@gmail.com,doctor
862,Tatiania,Stuart,Tatiania.Stuart@yopmail.com,Tatiania.Stuart@gmail.com,developer
863,Mariann,Mandler,Mariann.Mandler@yopmail.com,Mariann.Mandler@gmail.com,firefighter
864,Fred,Harl,Fred.Harl@yopmail.com,Fred.Harl@gmail.com,police officer
865,Gerrie,Shirberg,Gerrie.Shirberg@yopmail.com,Gerrie.Shirberg@gmail.com,firefighter
866,Mignon,Fabiola,Mignon.Fabiola@yopmail.com,Mignon.Fabiola@gmail.com,police officer
867,Corina,Ioab,Corina.Ioab@yopmail.com,Corina.Ioab@gmail.com,firefighter
868,Belinda,Bryna,Belinda.Bryna@yopmail.com,Belinda.Bryna@gmail.com,doctor
869,Micheline,Madox,Micheline.Madox@yopmail.com,Micheline.Madox@gmail.com,developer
870,Blinni,Lutero,Blinni.Lutero@yopmail.com,Blinni.Lutero@gmail.com,worker
871,Eugine,Talia,Eugine.Talia@yopmail.com,Eugine.Talia@gmail.com,doctor
872,Deedee,Sasnett,Deedee.Sasnett@yopmail.com,Deedee.Sasnett@gmail.com,developer
873,Ekaterina,Strephon,Ekaterina.Strephon@yopmail.com,Ekaterina.Strephon@gmail.com,police officer
874,Dorene,Izaak,Dorene.Izaak@yopmail.com,Dorene.Izaak@gmail.com,police officer
875,Viki,Clarissa,Viki.Clarissa@yopmail.com,Viki.Clarissa@gmail.com,developer
876,Brandise,Zetta,Brandise.Zetta@yopmail.com,Brandise.Zetta@gmail.com,worker
877,Minne,Brieta,Minne.Brieta@yopmail.com,Minne.Brieta@gmail.com,developer
878,Donnie,Olnee,Donnie.Olnee@yopmail.com,Donnie.Olnee@gmail.com,doctor
879,Dyann,Milson,Dyann.Milson@yopmail.com,Dyann.Milson@gmail.com,worker
880,Modestia,Wolfgram,Modestia.Wolfgram@yopmail.com,Modestia.Wolfgram@gmail.com,developer
881,Molli,Revkah,Molli.Revkah@yopmail.com,Molli.Revkah@gmail.com,firefighter
882,Ericka,Jagir,Ericka.Jagir@yopmail.com,Ericka.Jagir@gmail.com,developer
883,Sidoney,Earlie,Sidoney.Earlie@yopmail.com,Sidoney.Earlie@gmail.com,firefighter
884,Adele,Standing,Adele.Standing@yopmail.com,Adele.Standing@gmail.com,doctor
885,Alex,Jerald,Alex.Jerald@yopmail.com,Alex.Jerald@gmail.com,police officer
886,Olwen,Boehike,Olwen.Boehike@yopmail.com,Olwen.Boehike@gmail.com,police officer
887,Lolita,Aaberg,Lolita.Aaberg@yopmail.com,Lolita.Aaberg@gmail.com,worker
888,Babita,Lorain,Babita.Lorain@yopmail.com,Babita.Lorain@gmail.com,firefighter
889,Gabi,Lynn,Gabi.Lynn@yopmail.com,Gabi.Lynn@gmail.com,firefighter
890,Chandra,Marijo,Chandra.Marijo@yopmail.com,Chandra.Marijo@gmail.com,worker
891,Elora,Zrike,Elora.Zrike@yopmail.com,Elora.Zrike@gmail.com,firefighter
892,Ardenia,Hilbert,Ardenia.Hilbert@yopmail.com,Ardenia.Hilbert@gmail.com,firefighter
893,Lorie,Sacken,Lorie.Sacken@yopmail.com,Lorie.Sacken@gmail.com,police officer
894,Linzy,Loeb,Linzy.Loeb@yopmail.com,Linzy.Loeb@gmail.com,doctor
895,Kaja,Ethban,Kaja.Ethban@yopmail.com,Kaja.Ethban@gmail.com,doctor
896,Jasmina,Kauppi,Jasmina.Kauppi@yopmail.com,Jasmina.Kauppi@gmail.com,worker
897,Lita,Euridice,Lita.Euridice@yopmail.com,Lita.Euridice@gmail.com,police officer
898,Jean,Giff,Jean.Giff@yopmail.com,Jean.Giff@gmail.com,police officer
899,Danika,Darrell,Danika.Darrell@yopmail.com,Danika.Darrell@gmail.com,developer
900,Orelia,Ortrude,Orelia.Ortrude@yopmail.com,Orelia.Ortrude@gmail.com,worker
901,Roberta,Bakerman,Roberta.Bakerman@yopmail.com,Roberta.Bakerman@gmail.com,doctor
902,Henriette,Dreda,Henriette.Dreda@yopmail.com,Henriette.Dreda@gmail.com,firefighter
903,Josephine,Mallon,Josephine.Mallon@yopmail.com,Josephine.Mallon@gmail.com,police officer
904,Cissiee,Borrell,Cissiee.Borrell@yopmail.com,Cissiee.Borrell@gmail.com,police officer
905,Albertina,Nikaniki,Albertina.Nikaniki@yopmail.com,Albertina.Nikaniki@gmail.com,worker
906,Dyann,Merell,Dyann.Merell@yopmail.com,Dyann.Merell@gmail.com,police officer
907,Oona,Swanhildas,Oona.Swanhildas@yopmail.com,Oona.Swanhildas@gmail.com,firefighter
908,Kary,Lattie,Kary.Lattie@yopmail.com,Kary.Lattie@gmail.com,developer
909,Cristine,LaRue,Cristine.LaRue@yopmail.com,Cristine.LaRue@gmail.com,worker
910,Concettina,Moseley,Concettina.Moseley@yopmail.com,Concettina.Moseley@gmail.com,doctor
911,Helsa,Merat,Helsa.Merat@yopmail.com,Helsa.Merat@gmail.com,firefighter
912,Mellicent,Joeann,Mellicent.Joeann@yopmail.com,Mellicent.Joeann@gmail.com,firefighter
913,Collen,Colp,Collen.Colp@yopmail.com,Collen.Colp@gmail.com,firefighter
914,Marnia,Amasa,Marnia.Amasa@yopmail.com,Marnia.Amasa@gmail.com,doctor
915,Reeba,Gaal,Reeba.Gaal@yopmail.com,Reeba.Gaal@gmail.com,firefighter
916,Leeanne,Halsey,Leeanne.Halsey@yopmail.com,Leeanne.Halsey@gmail.com,worker
917,Andree,Lubin,Andree.Lubin@yopmail.com,Andree.Lubin@gmail.com,police officer
918,Ekaterina,Ephrem,Ekaterina.Ephrem@yopmail.com,Ekaterina.Ephrem@gmail.com,developer
919,Candi,Sallyann,Candi.Sallyann@yopmail.com,Candi.Sallyann@gmail.com,worker
920,Tani,Jethro,Tani.Jethro@yopmail.com,Tani.Jethro@gmail.com,doctor
921,Carolina,Douglass,Carolina.Douglass@yopmail.com,Carolina.Douglass@gmail.com,police officer
922,Consuela,Haerr,Consuela.Haerr@yopmail.com,Consuela.Haerr@gmail.com,doctor
923,Janeczka,Felizio,Janeczka.Felizio@yopmail.com,Janeczka.Felizio@gmail.com,police officer
924,Marsiella,Rillings,Marsiella.Rillings@yopmail.com,Marsiella.Rillings@gmail.com,developer
925,Lindie,Astra,Lindie.Astra@yopmail.com,Lindie.Astra@gmail.com,doctor
926,Lanae,Flyn,Lanae.Flyn@yopmail.com,Lanae.Flyn@gmail.com,police officer
927,Ernesta,Juan,Ernesta.Juan@yopmail.com,Ernesta.Juan@gmail.com,developer
928,Joelly,Guthrie,Joelly.Guthrie@yopmail.com,Joelly.Guthrie@gmail.com,police officer
929,Michaelina,Kussell,Michaelina.Kussell@yopmail.com,Michaelina.Kussell@gmail.com,firefighter
930,Merle,Clywd,Merle.Clywd@yopmail.com,Merle.Clywd@gmail.com,worker
931,Aaren,Tufts,Aaren.Tufts@yopmail.com,Aaren.Tufts@gmail.com,doctor
932,Catharine,Pitt,Catharine.Pitt@yopmail.com,Catharine.Pitt@gmail.com,worker
933,Verla,Shaddock,Verla.Shaddock@yopmail.com,Verla.Shaddock@gmail.com,police officer
934,Roxane,Morrill,Roxane.Morrill@yopmail.com,Roxane.Morrill@gmail.com,police officer
935,Karena,Jaylene,Karena.Jaylene@yopmail.com,Karena.Jaylene@gmail.com,firefighter
936,Maryellen,Fax,Maryellen.Fax@yopmail.com,Maryellen.Fax@gmail.com,worker
937,Christal,Xerxes,Christal.Xerxes@yopmail.com,Christal.Xerxes@gmail.com,worker
938,Dode,Stuart,Dode.Stuart@yopmail.com,Dode.Stuart@gmail.com,worker
939,Hannis,Leifeste,Hannis.Leifeste@yopmail.com,Hannis.Leifeste@gmail.com,worker
940,Jillayne,Bibi,Jillayne.Bibi@yopmail.com,Jillayne.Bibi@gmail.com,firefighter
941,Lory,Jillane,Lory.Jillane@yopmail.com,Lory.Jillane@gmail.com,firefighter
942,Merrie,Hieronymus,Merrie.Hieronymus@yopmail.com,Merrie.Hieronymus@gmail.com,developer
943,Babita,Mallon,Babita.Mallon@yopmail.com,Babita.Mallon@gmail.com,developer
944,Dyann,Bates,Dyann.Bates@yopmail.com,Dyann.Bates@gmail.com,developer
945,Cam,Madox,Cam.Madox@yopmail.com,Cam.Madox@gmail.com,police officer
946,Candy,Wandie,Candy.Wandie@yopmail.com,Candy.Wandie@gmail.com,developer
947,Tracey,Aaberg,Tracey.Aaberg@yopmail.com,Tracey.Aaberg@gmail.com,developer
948,Deedee,Vernier,Deedee.Vernier@yopmail.com,Deedee.Vernier@gmail.com,doctor
949,Drucie,Adlare,Drucie.Adlare@yopmail.com,Drucie.Adlare@gmail.com,doctor
950,Jinny,Arne,Jinny.Arne@yopmail.com,Jinny.Arne@gmail.com,developer
951,Olivette,Pauly,Olivette.Pauly@yopmail.com,Olivette.Pauly@gmail.com,police officer
952,Brianna,Emmaline,Brianna.Emmaline@yopmail.com,Brianna.Emmaline@gmail.com,police officer
953,Sallie,Sophronia,Sallie.Sophronia@yopmail.com,Sallie.Sophronia@gmail.com,doctor
954,Ethel,Abbot,Ethel.Abbot@yopmail.com,Ethel.Abbot@gmail.com,firefighter
955,Dominga,Raychel,Dominga.Raychel@yopmail.com,Dominga.Raychel@gmail.com,doctor
956,Anallese,Daveta,Anallese.Daveta@yopmail.com,Anallese.Daveta@gmail.com,firefighter
957,Violet,Creamer,Violet.Creamer@yopmail.com,Violet.Creamer@gmail.com,firefighter
958,Jessamyn,Fosque,Jessamyn.Fosque@yopmail.com,Jessamyn.Fosque@gmail.com,police officer
959,Coral,Fulmer,Coral.Fulmer@yopmail.com,Coral.Fulmer@gmail.com,firefighter
960,Dale,Bivins,Dale.Bivins@yopmail.com,Dale.Bivins@gmail.com,worker
961,Maryellen,Alexandr,Maryellen.Alexandr@yopmail.com,Maryellen.Alexandr@gmail.com,worker
962,Jaclyn,Juan,Jaclyn.Juan@yopmail.com,Jaclyn.Juan@gmail.com,worker
963,Ottilie,Kathie,Ottilie.Kathie@yopmail.com,Ottilie.Kathie@gmail.com,developer
964,Wynne,Chick,Wynne.Chick@yopmail.com,Wynne.Chick@gmail.com,doctor
965,Jobi,Carey,Jobi.Carey@yopmail.com,Jobi.Carey@gmail.com,police officer
966,Halette,Percy,Halette.Percy@yopmail.com,Halette.Percy@gmail.com,police officer
967,Leia,Ilka,Leia.Ilka@yopmail.com,Leia.Ilka@gmail.com,developer
968,Genovera,Solitta,Genovera.Solitta@yopmail.com,Genovera.Solitta@gmail.com,police officer
969,Belinda,Hortensia,Belinda.Hortensia@yopmail.com,Belinda.Hortensia@gmail.com,doctor
970,Kalina,Camden,Kalina.Camden@yopmail.com,Kalina.Camden@gmail.com,worker
971,Gilligan,Sperling,Gilligan.Sperling@yopmail.com,Gilligan.Sperling@gmail.com,worker
972,Kamilah,Merna,Kamilah.Merna@yopmail.com,Kamilah.Merna@gmail.com,developer
973,Renae,Waite,Renae.Waite@yopmail.com,Renae.Waite@gmail.com,worker
974,Calla,Kermit,Calla.Kermit@yopmail.com,Calla.Kermit@gmail.com,firefighter
975,Marcelline,Kenney,Marcelline.Kenney@yopmail.com,Marcelline.Kenney@gmail.com,police officer
976,Fawne,Lumbard,Fawne.Lumbard@yopmail.com,Fawne.Lumbard@gmail.com,developer
977,Britni,Cordi,Britni.Cordi@yopmail.com,Britni.Cordi@gmail.com,police officer
978,Hildegaard,Neils,Hildegaard.Neils@yopmail.com,Hildegaard.Neils@gmail.com,firefighter
979,Modestia,Clywd,Modestia.Clywd@yopmail.com,Modestia.Clywd@gmail.com,police officer
980,Imojean,Kare,Imojean.Kare@yopmail.com,Imojean.Kare@gmail.com,worker
981,Fredericka,Henrie,Fredericka.Henrie@yopmail.com,Fredericka.Henrie@gmail.com,firefighter
982,Olwen,Giff,Olwen.Giff@yopmail.com,Olwen.Giff@gmail.com,worker
983,Shandie,Presber,Shandie.Presber@yopmail.com,Shandie.Presber@gmail.com,worker
984,Brena,Pandolfi,Brena.Pandolfi@yopmail.com,Brena.Pandolfi@gmail.com,doctor
985,Kimberley,Chandler,Kimberley.Chandler@yopmail.com,Kimberley.Chandler@gmail.com,police officer
986,Margette,An,Margette.An@yopmail.com,Margette.An@gmail.com,police officer
987,Lynde,Stacy,Lynde.Stacy@yopmail.com,Lynde.Stacy@gmail.com,developer
988,Alisha,Telfer,Alisha.Telfer@yopmail.com,Alisha.Telfer@gmail.com,police officer
989,Laure,Demitria,Laure.Demitria@yopmail.com,Laure.Demitria@gmail.com,firefighter
990,Zia,Huggins,Zia.Huggins@yopmail.com,Zia.Huggins@gmail.com,police officer
991,Georgetta,Irmine,Georgetta.Irmine@yopmail.com,Georgetta.Irmine@gmail.com,developer
992,Susette,Selway,Susette.Selway@yopmail.com,Susette.Selway@gmail.com,worker
993,Meriel,Nore,Meriel.Nore@yopmail.com,Meriel.Nore@gmail.com,doctor
994,Shandie,Jillane,Shandie.Jillane@yopmail.com,Shandie.Jillane@gmail.com,worker
995,Elora,Tremayne,Elora.Tremayne@yopmail.com,Elora.Tremayne@gmail.com,police officer
996,Lizzie,Burkle,Lizzie.Burkle@yopmail.com,Lizzie.Burkle@gmail.com,doctor
997,Deedee,Valoniah,Deedee.Valoniah@yopmail.com,Deedee.Valoniah@gmail.com,firefighter
998,Jaclyn,Nester,Jaclyn.Nester@yopmail.com,Jaclyn.Nester@gmail.com,worker
999,Shandie,Juliet,Shandie.Juliet@yopmail.com,Shandie.Juliet@gmail.com,doctor
1000,Riannon,Mike,Riannon.Mike@yopmail.com,Riannon.Mike@gmail.com,police officer
1001,Julieta,Anselmi,Julieta.Anselmi@yopmail.com,Julieta.Anselmi@gmail.com,doctor
1002,Fanchon,Oster,Fanchon.Oster@yopmail.com,Fanchon.Oster@gmail.com,developer
1003,Marguerite,Frodi,Marguerite.Frodi@yopmail.com,Marguerite.Frodi@gmail.com,police officer
1004,Jsandye,Alarise,Jsandye.Alarise@yopmail.com,Jsandye.Alarise@gmail.com,developer
1005,Lanae,Aida,Lanae.Aida@yopmail.com,Lanae.Aida@gmail.com,police officer
1006,Courtnay,Ambrosia,Courtnay.Ambrosia@yopmail.com,Courtnay.Ambrosia@gmail.com,doctor
1007,Mildrid,Ardeha,Mildrid.Ardeha@yopmail.com,Mildrid.Ardeha@gmail.com,firefighter
1008,Ellette,Kellby,Ellette.Kellby@yopmail.com,Ellette.Kellby@gmail.com,firefighter
1009,Brynna,Teddman,Brynna.Teddman@yopmail.com,Brynna.Teddman@gmail.com,worker
1010,Paola,Zrike,Paola.Zrike@yopmail.com,Paola.Zrike@gmail.com,firefighter
1011,Nickie,Persse,Nickie.Persse@yopmail.com,Nickie.Persse@gmail.com,police officer
1012,Christian,Grimbly,Christian.Grimbly@yopmail.com,Christian.Grimbly@gmail.com,police officer
1013,Nannie,Lucienne,Nannie.Lucienne@yopmail.com,Nannie.Lucienne@gmail.com,developer
1014,Bernardine,Alisia,Bernardine.Alisia@yopmail.com,Bernardine.Alisia@gmail.com,doctor
1015,Kore,Barney,Kore.Barney@yopmail.com,Kore.Barney@gmail.com,doctor
1016,Lilith,Winthorpe,Lilith.Winthorpe@yopmail.com,Lilith.Winthorpe@gmail.com,police officer
1017,Chandra,Shama,Chandra.Shama@yopmail.com,Chandra.Shama@gmail.com,developer
1018,Tatiania,Nicoline,Tatiania.Nicoline@yopmail.com,Tatiania.Nicoline@gmail.com,firefighter
1019,Dominga,Sperling,Dominga.Sperling@yopmail.com,Dominga.Sperling@gmail.com,firefighter
1020,Kore,Estella,Kore.Estella@yopmail.com,Kore.Estella@gmail.com,worker
1021,Konstance,Franza,Konstance.Franza@yopmail.com,Konstance.Franza@gmail.com,police officer
1022,Florencia,Redmond,Florencia.Redmond@yopmail.com,Florencia.Redmond@gmail.com,doctor
1023,Brana,Lia,Brana.Lia@yopmail.com,Brana.Lia@gmail.com,worker
1024,Marcy,Dunkin,Marcy.Dunkin@yopmail.com,Marcy.Dunkin@gmail.com,doctor
1025,Agnese,Shanley,Agnese.Shanley@yopmail.com,Agnese.Shanley@gmail.com,doctor
1026,Modestia,Lissi,Modestia.Lissi@yopmail.com,Modestia.Lissi@gmail.com,developer
1027,Rani,Maryanne,Rani.Maryanne@yopmail.com,Rani.Maryanne@gmail.com,firefighter
1028,Fawne,Kevon,Fawne.Kevon@yopmail.com,Fawne.Kevon@gmail.com,firefighter
1029,Janis,Chobot,Janis.Chobot@yopmail.com,Janis.Chobot@gmail.com,doctor
1030,Marline,Georgy,Marline.Georgy@yopmail.com,Marline.Georgy@gmail.com,police officer
1031,Dorthy,Mauer,Dorthy.Mauer@yopmail.com,Dorthy.Mauer@gmail.com,firefighter
1032,Xylina,Schenck,Xylina.Schenck@yopmail.com,Xylina.Schenck@gmail.com,doctor
1033,Lusa,Wandie,Lusa.Wandie@yopmail.com,Lusa.Wandie@gmail.com,firefighter
1034,Gwenneth,Halla,Gwenneth.Halla@yopmail.com,Gwenneth.Halla@gmail.com,doctor
1035,Lindie,Ludewig,Lindie.Ludewig@yopmail.com,Lindie.Ludewig@gmail.com,police officer
1036,Jillayne,Skell,Jillayne.Skell@yopmail.com,Jillayne.Skell@gmail.com,firefighter
1037,Emelina,Mozelle,Emelina.Mozelle@yopmail.com,Emelina.Mozelle@gmail.com,developer
1038,Cristine,Salvidor,Cristine.Salvidor@yopmail.com,Cristine.Salvidor@gmail.com,developer
1039,Christian,Orpah,Christian.Orpah@yopmail.com,Christian.Orpah@gmail.com,firefighter
1040,Amelia,Ovid,Amelia.Ovid@yopmail.com,Amelia.Ovid@gmail.com,doctor
1041,Wanda,Milde,Wanda.Milde@yopmail.com,Wanda.Milde@gmail.com,worker
1042,Inga,Montgomery,Inga.Montgomery@yopmail.com,Inga.Montgomery@gmail.com,developer
1043,Wendi,Morrill,Wendi.Morrill@yopmail.com,Wendi.Morrill@gmail.com,doctor
1044,Jenilee,Wandie,Jenilee.Wandie@yopmail.com,Jenilee.Wandie@gmail.com,doctor
1045,Celestyna,Larochelle,Celestyna.Larochelle@yopmail.com,Celestyna.Larochelle@gmail.com,firefighter
1046,Tabbatha,Stoller,Tabbatha.Stoller@yopmail.com,Tabbatha.Stoller@gmail.com,doctor
1047,Cherrita,Atonsah,Cherrita.Atonsah@yopmail.com,Cherrita.Atonsah@gmail.com,worker
1048,Vere,Cassius,Vere.Cassius@yopmail.com,Vere.Cassius@gmail.com,doctor
1049,Bernie,Sekofski,Bernie.Sekofski@yopmail.com,Bernie.Sekofski@gmail.com,firefighter
1050,Clo,Rese,Clo.Rese@yopmail.com,Clo.Rese@gmail.com,developer
1051,Tatiania,Gemini,Tatiania.Gemini@yopmail.com,Tatiania.Gemini@gmail.com,doctor
1052,Jemie,Valerio,Jemie.Valerio@yopmail.com,Jemie.Valerio@gmail.com,police officer
1053,Ayn,Ariella,Ayn.Ariella@yopmail.com,Ayn.Ariella@gmail.com,police officer
1054,Chastity,Bari,Chastity.Bari@yopmail.com,Chastity.Bari@gmail.com,worker
1055,Carlie,Lasley,Carlie.Lasley@yopmail.com,Carlie.Lasley@gmail.com,firefighter
1056,Marleah,Armanda,Marleah.Armanda@yopmail.com,Marleah.Armanda@gmail.com,police officer
1057,Aurelie,Rugen,Aurelie.Rugen@yopmail.com,Aurelie.Rugen@gmail.com,police officer
1058,Nananne,Slifka,Nananne.Slifka@yopmail.com,Nananne.Slifka@gmail.com,police officer
1059,Selia,Carolin,Selia.Carolin@yopmail.com,Selia.Carolin@gmail.com,firefighter
1060,Jenda,Mata,Jenda.Mata@yopmail.com,Jenda.Mata@gmail.com,worker
1061,Brynna,Ursulette,Brynna.Ursulette@yopmail.com,Brynna.Ursulette@gmail.com,doctor
1062,Daphne,Sherfield,Daphne.Sherfield@yopmail.com,Daphne.Sherfield@gmail.com,doctor
1063,Anthia,Ardeha,Anthia.Ardeha@yopmail.com,Anthia.Ardeha@gmail.com,police officer
1064,Ricky,Ranjiv,Ricky.Ranjiv@yopmail.com,Ricky.Ranjiv@gmail.com,firefighter
1065,Carolina,Bari,Carolina.Bari@yopmail.com,Carolina.Bari@gmail.com,developer
1066,Mariann,Longfellow,Mariann.Longfellow@yopmail.com,Mariann.Longfellow@gmail.com,police officer
1067,Gabriellia,Jalbert,Gabriellia.Jalbert@yopmail.com,Gabriellia.Jalbert@gmail.com,developer
1068,Nicoli,Arvo,Nicoli.Arvo@yopmail.com,Nicoli.Arvo@gmail.com,police officer
1069,Carilyn,Rosalba,Carilyn.Rosalba@yopmail.com,Carilyn.Rosalba@gmail.com,firefighter
1070,Myriam,Old,Myriam.Old@yopmail.com,Myriam.Old@gmail.com,worker
1071,Carmencita,Girardo,Carmencita.Girardo@yopmail.com,Carmencita.Girardo@gmail.com,police officer
1072,Marylou,Tacye,Marylou.Tacye@yopmail.com,Marylou.Tacye@gmail.com,worker
1073,Wynne,Felizio,Wynne.Felizio@yopmail.com,Wynne.Felizio@gmail.com,police officer
1074,Cyb,Merat,Cyb.Merat@yopmail.com,Cyb.Merat@gmail.com,doctor
1075,Deirdre,Sheedy,Deirdre.Sheedy@yopmail.com,Deirdre.Sheedy@gmail.com,doctor
1076,Debee,Bibi,Debee.Bibi@yopmail.com,Debee.Bibi@gmail.com,developer
1077,Sibella,Rolf,Sibella.Rolf@yopmail.com,Sibella.Rolf@gmail.com,police officer
1078,Chickie,Rad,Chickie.Rad@yopmail.com,Chickie.Rad@gmail.com,developer
1079,Candi,Pulsifer,Candi.Pulsifer@yopmail.com,Candi.Pulsifer@gmail.com,doctor
1080,Karena,Jotham,Karena.Jotham@yopmail.com,Karena.Jotham@gmail.com,developer
1081,Ulrike,Kaete,Ulrike.Kaete@yopmail.com,Ulrike.Kaete@gmail.com,firefighter
1082,Jackie,Bluh,Jackie.Bluh@yopmail.com,Jackie.Bluh@gmail.com,doctor
1083,Nelle,Ulphia,Nelle.Ulphia@yopmail.com,Nelle.Ulphia@gmail.com,worker
1084,Selma,Cordi,Selma.Cordi@yopmail.com,Selma.Cordi@gmail.com,developer
1085,Nerta,Lay,Nerta.Lay@yopmail.com,Nerta.Lay@gmail.com,doctor
1086,Florie,Evangelia,Florie.Evangelia@yopmail.com,Florie.Evangelia@gmail.com,doctor
1087,Nonnah,Santoro,Nonnah.Santoro@yopmail.com,Nonnah.Santoro@gmail.com,worker
1088,Monika,Hunfredo,Monika.Hunfredo@yopmail.com,Monika.Hunfredo@gmail.com,doctor
1089,Liana,Lattie,Liana.Lattie@yopmail.com,Liana.Lattie@gmail.com,firefighter
1090,Elie,Vastah,Elie.Vastah@yopmail.com,Elie.Vastah@gmail.com,worker
1091,Aili,Nester,Aili.Nester@yopmail.com,Aili.Nester@gmail.com,worker
1092,Bobbi,Tannie,Bobbi.Tannie@yopmail.com,Bobbi.Tannie@gmail.com,firefighter
1093,Gianina,Tryck,Gianina.Tryck@yopmail.com,Gianina.Tryck@gmail.com,doctor
1094,Kaja,Nadia,Kaja.Nadia@yopmail.com,Kaja.Nadia@gmail.com,worker
1095,Trudie,Buckler,Trudie.Buckler@yopmail.com,Trudie.Buckler@gmail.com,firefighter
1096,Genovera,Eliathas,Genovera.Eliathas@yopmail.com,Genovera.Eliathas@gmail.com,developer
1097,Selma,Lattie,Selma.Lattie@yopmail.com,Selma.Lattie@gmail.com,police officer
1098,Brena,Zitvaa,Brena.Zitvaa@yopmail.com,Brena.Zitvaa@gmail.com,developer
1099,Estell,Anastatius,Estell.Anastatius@yopmail.com,Estell.Anastatius@gmail.com,worker